latitude,longitude,crime_type,crime_severity,hour,area,is_night
17.390870175701266,78.3618222288037,Vandalism,2.6,15,Unknown,0
17.50079591982352,78.38677356203804,Pickpocketing,8.0,20,Kukatpally,1
17.40274060711276,78.4364483783676,Chain Snatching,4.7,14,Tolichowki,0
17.582030842175335,78.33339581007482,Eve Teasing,5.2,14,Unknown,0
17.3673074394394,78.49476772406152,Vandalism,2.6,23,Charminar,1
17.419322007329573,78.44958150442031,Cybercrime,5.5,17,Ameerpet,0
17.226542574603684,78.3609569551749,Theft,7.0,4,Unknown,1
17.46493398378051,78.37904213859287,Chain Snatching,3.1,2,Hitech City,1
17.407902758596112,78.56977432531326,Pickpocketing,3.5,23,Uppal,1
17.530868709840068,78.62127991542336,Robbery,2.3,22,Unknown,1
17.42881423844323,78.33787687116944,Theft,4.2,12,Financial District,0
17.25773106323522,78.59267198123419,Eve Teasing,2.1,23,Unknown,1
17.410752113022035,78.39891954793295,Vandalism,5.3,14,Jubilee Hills,0
17.480066449253847,78.34727745485617,Robbery,4.7,6,Miyapur,0
17.429371991720455,78.3899079031434,Eve Teasing,6.7,13,Hitech City,0
17.213424266819526,78.42109105031086,Chain Snatching,9.7,11,Unknown,0
17.400569968654196,78.42799813165124,Assault,4.9,16,Mehdipatnam,0
17.42590619596347,78.4590410277992,Chain Snatching,2.8,0,Ameerpet,1
17.395031672670736,78.4129996657868,Drug Offense,4.1,6,Tolichowki,0
17.493837888356882,78.34659995859253,Robbery,8.6,4,Miyapur,1
17.426161688847763,78.34334217742021,Chain Snatching,2.7,2,Financial District,1
17.43852620998651,78.36391115084125,Eve Teasing,2.7,19,Raidurg,0
17.344018396368966,78.53467718754258,Theft,4.7,1,LB Nagar,1
17.42324053219188,78.44865058590402,Cybercrime,9.4,12,Banjara Hills,0
17.501046669832867,78.3876739820464,Drug Offense,5.9,17,Kukatpally,0
17.58524687512899,78.45503140549441,Vehicle Theft,5.1,7,Unknown,0
17.50458177329862,78.41657105067664,Vehicle Theft,6.2,7,Kukatpally,0
17.376230361865186,78.30936805403473,Drug Offense,8.4,21,Unknown,1
17.40173272917262,78.56779016347092,Assault,8.1,7,Uppal,0
17.402330724284234,78.36058580621767,Vandalism,5.2,16,Nanakramguda,0
17.294923954916758,78.38698948802046,Vehicle Theft,8.2,14,Unknown,0
17.514117741318234,78.35333324143059,Pickpocketing,8.0,5,Miyapur,1
17.409156797715827,78.34424429007858,Vandalism,4.2,21,Financial District,1
17.370235953330187,78.51273542078894,Cybercrime,5.2,11,Dilsukhnagar,0
17.271535460326398,78.41416796304986,Cybercrime,3.9,17,Shamshabad,0
17.38615204946314,78.40233517094426,Robbery,4.4,8,Tolichowki,0
17.337803406808014,78.57240514239655,Robbery,4.6,1,LB Nagar,1
17.397043938484426,78.33743795345873,Drug Offense,3.9,3,Nanakramguda,1
17.41758281272071,78.56475323986906,Eve Teasing,3.8,21,Uppal,1
17.414924096386734,78.35949779776502,Pickpocketing,3.0,4,Financial District,1
17.477532481971387,78.5716657770073,Eve Teasing,2.9,5,Unknown,1
17.52413740791565,78.50895350060262,Assault,9.4,9,Unknown,0
17.59788880392876,78.60685845517442,Cybercrime,4.6,17,Unknown,0
17.436238708569043,78.4845369369235,Chain Snatching,5.9,15,Secunderabad,0
17.416716388362435,78.4226418183353,Cybercrime,9.7,18,Jubilee Hills,0
17.40503657037189,78.3338886324964,Chain Snatching,9.8,11,Nanakramguda,0
17.401755680738628,78.42726580837035,Vandalism,2.2,11,Mehdipatnam,0
17.358843537033593,78.35666152102499,Robbery,5.6,20,Unknown,1
17.51590304265812,78.35680169720447,Robbery,3.1,11,Miyapur,0
17.402620957915413,78.4469123693385,Theft,9.2,17,Banjara Hills,0
17.414095051964356,78.33103302797736,Chain Snatching,6.9,7,Nanakramguda,0
17.381382808976447,78.53724992824773,Theft,3.1,8,Dilsukhnagar,0
17.424994234868205,78.34042612395945,Cybercrime,3.7,13,Financial District,0
17.444230531999466,78.45324108672541,Pickpocketing,2.7,4,Ameerpet,1
17.421330251444036,78.3454528792844,Eve Teasing,3.8,18,Nanakramguda,0
17.407615579463265,78.43490127722885,Theft,2.3,9,Banjara Hills,0
17.340964899025284,78.56547462392716,Drug Offense,9.5,13,LB Nagar,0
17.436761753683577,78.37094182034622,Cybercrime,5.7,4,Gachibowli,1
17.370189056970933,78.47610300430672,Cybercrime,4.0,12,Charminar,0
17.432671501050034,78.47064453887589,Chain Snatching,2.7,6,Ameerpet,0
17.433899217474195,78.37593047361833,Pickpocketing,5.1,10,Hitech City,0
17.412659062754106,78.33470494118707,Vandalism,7.6,5,Financial District,1
17.5617109923551,78.34301378588083,Pickpocketing,2.8,5,Unknown,1
17.437592598946605,78.32915877029546,Vandalism,2.6,17,Gachibowli,0
17.5102064296949,78.41024562097061,Assault,7.3,19,Kukatpally,0
17.561404182982088,78.60428717222455,Eve Teasing,4.5,11,Unknown,0
17.363294939273835,78.45160426766664,Vandalism,2.8,0,Charminar,1
17.25617162684063,78.3875586193974,Pickpocketing,7.0,23,Shamshabad,1
17.392629338702182,78.55816801589386,Assault,4.5,10,Uppal,0
17.42489987757077,78.33602315291469,Assault,9.6,14,Gachibowli,0
17.50371924055733,78.40005726180361,Assault,9.9,7,Kukatpally,0
17.454545530703843,78.39614122930372,Theft,8.3,21,Hitech City,1
17.34290580650477,78.54446677423564,Vandalism,5.8,18,LB Nagar,0
17.441723974977023,78.51171646047575,Assault,7.0,20,Secunderabad,1
17.420905558766584,78.36977232680171,Vandalism,5.2,23,Raidurg,1
17.416729047088253,78.35721467774023,Drug Offense,4.1,14,Nanakramguda,0
17.495619120409916,78.631457461837,Vehicle Theft,4.3,4,Unknown,1
17.385900748863104,78.52453849843134,Robbery,5.3,17,Dilsukhnagar,0
17.38126298323633,78.39092771010415,Vandalism,9.5,6,Unknown,0
17.437900165603786,78.36575731627299,Assault,6.8,12,Raidurg,0
17.34945413232571,78.54888662104686,Chain Snatching,2.8,7,LB Nagar,0
17.256876552071876,78.58186585074885,Chain Snatching,5.3,12,Unknown,0
17.427107549069717,78.41976140487786,Drug Offense,8.1,16,Banjara Hills,0
17.407155248830684,78.39500169150324,Eve Teasing,2.4,9,Raidurg,0
17.42428360469447,78.32890652066484,Vandalism,7.1,11,Nanakramguda,0
17.359775149240157,78.51321345703964,Theft,5.0,18,Dilsukhnagar,0
17.394733178012515,78.6358973293157,Pickpocketing,6.1,23,Unknown,1
17.515883202878445,78.55755179230772,Theft,3.4,6,Unknown,0
17.504754681837085,78.33941198347122,Vandalism,6.8,2,Miyapur,1
17.493589629245754,78.39543442019841,Eve Teasing,5.9,4,Kukatpally,1
17.431722973716646,78.41358560986075,Vandalism,3.9,2,Jubilee Hills,1
17.491150413633708,78.38337834358119,Theft,3.7,22,Miyapur,1
17.296118774034298,78.54292494981439,Robbery,4.5,1,Unknown,1
17.391466111034,78.45355681612715,Eve Teasing,3.6,4,Unknown,1
17.27345332213519,78.4028043015607,Robbery,4.7,18,Shamshabad,0
17.268394502178158,78.40310598050294,Theft,7.7,14,Shamshabad,0
17.444288009115514,78.44670791000996,Drug Offense,9.6,15,Ameerpet,0
17.424376976547258,78.50405946931907,Cybercrime,4.9,6,Secunderabad,0
17.374102871502394,78.5435331197741,Pickpocketing,3.3,23,Dilsukhnagar,1
17.40920139256309,78.33827915236905,Vandalism,8.5,14,Financial District,0
17.415677967784614,78.39390239383368,Robbery,8.7,1,Jubilee Hills,1
17.261710306143932,78.59397749605837,Vandalism,6.3,12,Unknown,0
17.411710657527422,78.36193565412262,Robbery,9.6,15,Nanakramguda,0
17.43680991730615,78.4296667902611,Pickpocketing,8.9,12,Ameerpet,0
17.34474820859516,78.4620409355359,Assault,7.4,8,Charminar,0
17.40690131205256,78.42793949960472,Robbery,9.3,14,Mehdipatnam,0
17.45999669841869,78.36229321497049,Theft,2.4,16,Hitech City,0
17.2589028761097,78.52743968811416,Robbery,4.8,6,Unknown,0
17.430548919626332,78.47627911557332,Cybercrime,5.7,14,Unknown,0
17.41473155788245,78.34707442330436,Chain Snatching,9.2,17,Nanakramguda,0
17.569314727869,78.49503849884324,Vehicle Theft,3.8,23,Unknown,1
17.355293275010858,78.48949212181468,Drug Offense,2.2,16,Charminar,0
17.413665442589537,78.40765093582476,Pickpocketing,8.3,17,Unknown,0
17.325072874658936,78.54447812533027,Cybercrime,6.3,7,LB Nagar,0
17.53657266924088,78.47703135584774,Pickpocketing,9.2,20,Unknown,1
17.543986120923645,78.5040720418606,Drug Offense,3.6,17,Unknown,0
17.4121730772447,78.42093963552387,Vandalism,9.4,16,Banjara Hills,0
17.346396601361274,78.46556160629336,Eve Teasing,4.4,13,Charminar,0
17.4276790798409,78.43492800807287,Eve Teasing,6.0,16,Ameerpet,0
17.369247874446817,78.52391208021875,Theft,7.3,5,Dilsukhnagar,1
17.391623152007273,78.41810467284418,Assault,4.3,0,Tolichowki,1
17.34276963553444,78.47609913972578,Robbery,6.5,0,Charminar,1
17.364779155661232,78.54815605157542,Eve Teasing,5.1,5,LB Nagar,1
17.449337682622076,78.3463435228776,Cybercrime,8.6,8,Gachibowli,0
17.4871419511983,78.41971461503957,Drug Offense,8.9,14,Kukatpally,0
17.246933178036095,78.42621744290149,Chain Snatching,5.4,14,Shamshabad,0
17.40548256001175,78.43964055070722,Eve Teasing,6.5,14,Mehdipatnam,0
17.422190005336745,78.49670544526921,Eve Teasing,6.4,13,Secunderabad,0
17.438539569316,78.33869216246627,Cybercrime,3.6,12,Nanakramguda,0
17.34037946158503,78.4613950547818,Chain Snatching,3.2,6,Unknown,0
17.509074771434417,78.34249957769185,Pickpocketing,5.7,20,Unknown,1
17.238328384001232,78.3988727844331,Robbery,8.5,21,Shamshabad,1
17.440041193119228,78.37304251258985,Vandalism,2.7,7,Hitech City,0
17.452196424531706,78.40015110146801,Theft,9.5,6,Jubilee Hills,0
17.515226630512334,78.36842311886602,Theft,9.2,1,Miyapur,1
17.376574360251897,78.55513585843542,Eve Teasing,7.2,7,Uppal,0
17.33324015720253,78.50135241232122,Pickpocketing,7.0,7,Unknown,0
17.459186257606827,78.50719396613127,Pickpocketing,6.0,5,Secunderabad,1
17.412451961660945,78.41433922929234,Chain Snatching,9.6,11,Tolichowki,0
17.371400752096605,78.5206706788697,Chain Snatching,3.2,19,Dilsukhnagar,0
17.441881687831245,78.34015805133207,Chain Snatching,3.6,5,Gachibowli,1
17.405435239167353,78.42889296044643,Eve Teasing,9.6,0,Banjara Hills,1
17.41204296873345,78.36214721960579,Eve Teasing,3.0,8,Financial District,0
17.43084836768058,78.46456393299276,Vandalism,6.2,3,Ameerpet,1
17.493892292091882,78.39037863935354,Assault,6.5,8,Kukatpally,0
17.425058772080874,78.50848300767517,Vehicle Theft,5.9,9,Secunderabad,0
17.274563213599365,78.40133009791633,Robbery,2.1,0,Shamshabad,1
17.2411420822465,78.3316325212239,Eve Teasing,6.4,19,Unknown,0
17.435542221237025,78.43584028116251,Pickpocketing,3.8,8,Banjara Hills,0
17.43256580709257,78.42639685616827,Assault,8.5,8,Ameerpet,0
17.417666464465732,78.35419405639482,Robbery,4.3,23,Financial District,1
17.40385092206804,78.42218422970252,Pickpocketing,9.1,22,Mehdipatnam,1
17.456764627848447,78.34592859377548,Drug Offense,2.1,3,Gachibowli,1
17.488436899083,78.40592216720776,Theft,3.2,9,Kukatpally,0
17.397770585664635,78.33247959662943,Vandalism,9.8,6,Financial District,0
17.36978367129814,78.53036045920695,Assault,7.7,4,Dilsukhnagar,1
17.374594985014834,78.4638991676783,Assault,4.4,2,Charminar,1
17.450834645478114,78.44532134124093,Eve Teasing,5.5,18,Ameerpet,0
17.43814473898829,78.40991885044207,Theft,9.7,14,Jubilee Hills,0
17.483233119858106,78.36929409317956,Eve Teasing,3.1,10,Miyapur,0
17.48253829520769,78.37736989242391,Assault,5.9,0,Miyapur,1
17.443933923778985,78.39491316134705,Robbery,3.9,5,Jubilee Hills,1
17.42836940157755,78.41458903555338,Pickpocketing,7.6,1,Jubilee Hills,1
17.4175823811186,78.44838148023659,Assault,6.7,16,Ameerpet,0
17.444965335330117,78.3786375090066,Drug Offense,2.9,17,Hitech City,0
17.351565216768737,78.45668528270136,Vandalism,5.6,19,Charminar,0
17.38150840930685,78.43036468007892,Assault,9.1,22,Mehdipatnam,1
17.43305823138083,78.36705969499815,Vehicle Theft,3.9,21,Gachibowli,1
17.346671312204354,78.54379506187969,Eve Teasing,4.7,23,LB Nagar,1
17.436544463785104,78.36152633996433,Vandalism,7.0,15,Raidurg,0
17.39482007607651,78.40398510509571,Vandalism,8.9,1,Tolichowki,1
17.406905767579225,78.44465358073701,Pickpocketing,7.9,14,Banjara Hills,0
17.456456677853026,78.33460501437796,Cybercrime,5.7,21,Gachibowli,1
17.417672777100243,78.43812309801314,Cybercrime,4.2,9,Ameerpet,0
17.50313053799844,78.36123803600644,Pickpocketing,4.8,23,Miyapur,1
17.407281023674056,78.38026588457845,Chain Snatching,4.4,23,Raidurg,1
17.439417745772445,78.34568130615435,Cybercrime,3.5,7,Gachibowli,0
17.45561951294579,78.44212923845727,Drug Offense,6.2,21,Ameerpet,1
17.43650403454991,78.38213602828395,Vehicle Theft,7.7,12,Raidurg,0
17.42628201974222,78.34376856426267,Theft,9.0,6,Nanakramguda,0
17.467056953762057,78.33710026119981,Theft,8.8,2,Unknown,1
17.395739433480053,78.55381511924888,Assault,4.4,12,Uppal,0
17.437399293734508,78.41983769120306,Vandalism,5.5,3,Jubilee Hills,1
17.57365677929056,78.37231528621254,Chain Snatching,6.4,8,Unknown,0
17.418865848619596,78.44101970529552,Drug Offense,7.7,20,Ameerpet,1
17.44483396121166,78.35654209173984,Pickpocketing,2.8,1,Unknown,1
17.359845726003247,78.45474579965988,Assault,9.1,18,Charminar,0
17.442189828148862,78.37837059374459,Robbery,6.2,8,Hitech City,0
17.443004467786352,78.32631171686704,Drug Offense,5.8,2,Gachibowli,1
17.481383220357053,78.41834497110618,Eve Teasing,9.7,16,Kukatpally,0
17.48497975509665,78.39897415845081,Eve Teasing,9.8,6,Kukatpally,0
17.390161231449017,78.56246260256387,Pickpocketing,6.7,0,Uppal,1
17.540321387809506,78.33370543881254,Drug Offense,9.2,16,Unknown,0
17.425447442875605,78.4243769768214,Robbery,2.9,14,Jubilee Hills,0
17.331317031825993,78.30281042076236,Cybercrime,2.3,2,Unknown,1
17.38674879680434,78.41570778394039,Drug Offense,2.8,0,Mehdipatnam,1
17.414009051889998,78.43238910936638,Robbery,8.9,4,Banjara Hills,1
17.42759114952437,78.34281263373751,Assault,7.4,8,Financial District,0
17.379266222284333,78.48968663413636,Vandalism,4.6,16,Unknown,0
17.42589588165464,78.34017142089364,Chain Snatching,6.6,15,Financial District,0
17.41643793307038,78.33848839264616,Drug Offense,4.2,10,Financial District,0
17.39697168978161,78.57068620765139,Eve Teasing,7.8,5,Uppal,1
17.42581894743708,78.34282032770587,Assault,8.9,23,Gachibowli,1
17.3944942750793,78.55006741246937,Eve Teasing,9.2,0,Uppal,1
17.376519510629056,78.51876826190839,Drug Offense,6.6,22,Dilsukhnagar,1
17.403349976440442,78.43602238989358,Robbery,4.0,22,Tolichowki,1
17.411277968865637,78.57516400241738,Chain Snatching,2.9,10,Uppal,0
17.510565311122136,78.35347930136064,Vehicle Theft,7.6,17,Miyapur,0
17.363494973769615,78.53828862273114,Assault,3.0,20,Dilsukhnagar,1
17.519552222914292,78.36846913484284,Drug Offense,6.6,5,Unknown,1
17.42439049978811,78.43756530430646,Chain Snatching,3.4,16,Banjara Hills,0
17.43686308754906,78.44830779483547,Chain Snatching,9.3,14,Ameerpet,0
17.432273674959713,78.43979613409319,Drug Offense,6.8,22,Ameerpet,1
17.483228043085074,78.30337284680512,Eve Teasing,7.4,5,Unknown,1
17.43935303021239,78.38011710360594,Assault,5.3,20,Hitech City,1
17.35274989655041,78.47639895192272,Chain Snatching,5.6,11,Charminar,0
17.42722860096015,78.35579144205275,Cybercrime,6.1,9,Financial District,0
17.490233451148793,78.41510003603341,Cybercrime,9.1,10,Kukatpally,0
17.413155547261045,78.43170620066826,Pickpocketing,9.9,0,Unknown,1
17.365605355651606,78.54916285998081,Pickpocketing,3.7,11,LB Nagar,0
17.436578152161516,78.34677022122577,Chain Snatching,8.6,0,Financial District,1
17.422477559025467,78.40610247048873,Chain Snatching,10.0,7,Jubilee Hills,0
17.43589868593743,78.3481525776116,Cybercrime,5.3,16,Financial District,0
17.372914268486014,78.48792437556203,Vehicle Theft,2.0,16,Charminar,0
17.427002666678412,78.36031558863637,Robbery,2.9,1,Raidurg,1
17.279719651256706,78.52951764464301,Chain Snatching,2.8,11,Unknown,0
17.44539166274462,78.38117068515749,Cybercrime,5.5,1,Raidurg,1
17.260449299258564,78.40095172532364,Eve Teasing,9.4,9,Shamshabad,0
17.480268734757143,78.367621257102,Vehicle Theft,8.0,7,Miyapur,0
17.470701913863657,78.63699182024159,Robbery,10.0,22,Unknown,1
17.513668618031183,78.34849550106901,Chain Snatching,8.9,6,Miyapur,0
17.45096788389097,78.50028647045436,Assault,4.4,9,Unknown,0
17.436466281261378,78.44919138116619,Drug Offense,9.0,12,Unknown,0
17.24952091662396,78.5867553347588,Chain Snatching,4.3,7,Unknown,0
17.358474008320837,78.53563407541212,Vehicle Theft,6.6,20,LB Nagar,1
17.570991013163052,78.48093053817553,Vehicle Theft,4.4,5,Unknown,1
17.501443945573403,78.34816329265665,Vehicle Theft,9.1,19,Miyapur,0
17.419053595552693,78.36763290200571,Drug Offense,8.2,18,Unknown,0
17.433504606416406,78.42676282265106,Assault,9.9,7,Jubilee Hills,0
17.507015905531116,78.35942027264753,Assault,9.7,5,Miyapur,1
17.43116201872748,78.44011172324785,Chain Snatching,4.2,1,Ameerpet,1
17.447567358351314,78.41458206559632,Cybercrime,4.5,5,Jubilee Hills,1
17.42495122165744,78.38262118601163,Pickpocketing,8.5,1,Raidurg,1
17.393559681208206,78.33492232829695,Drug Offense,3.6,23,Financial District,1
17.33757986215597,78.55331274528749,Drug Offense,8.8,16,Unknown,0
17.41029803601424,78.55039042331143,Eve Teasing,7.8,10,Uppal,0
17.45109566241934,78.43752331974274,Cybercrime,9.3,9,Ameerpet,0
17.386006410247056,78.4167706671104,Pickpocketing,2.6,18,Mehdipatnam,0
17.268358140748756,78.42263031118507,Assault,8.5,20,Shamshabad,1
17.452155754665046,78.33206426696071,Vandalism,8.5,19,Gachibowli,0
17.388346831185434,78.42635910727827,Vehicle Theft,9.8,18,Mehdipatnam,0
17.431680116539468,78.49041411814264,Assault,5.5,1,Secunderabad,1
17.400890423412466,78.419643365375,Chain Snatching,4.8,22,Tolichowki,1
17.361427463807505,78.54755957484386,Robbery,8.5,4,Unknown,1
17.379870028091485,78.44101541812238,Assault,9.0,14,Mehdipatnam,0
17.305720524397184,78.35132394187228,Vehicle Theft,8.4,20,Unknown,1
17.45695258195634,78.38381078574993,Vandalism,5.4,20,Hitech City,1
17.42809556115643,78.34590692469615,Pickpocketing,7.3,20,Gachibowli,1
17.385167873742056,78.51828780421913,Vandalism,8.2,13,Dilsukhnagar,0
17.40951866458588,78.55684639594803,Pickpocketing,6.0,13,Uppal,0
17.426102590246188,78.3376180276558,Theft,4.9,13,Nanakramguda,0
17.440104261920666,78.48629300711934,Chain Snatching,3.2,19,Secunderabad,0
17.437266740697364,78.397205532089,Eve Teasing,8.8,19,Jubilee Hills,0
17.418031899076915,78.36511027852112,Vehicle Theft,3.2,23,Raidurg,1
17.260470000437596,78.58901927995817,Robbery,6.1,11,Unknown,0
17.332244436373283,78.55647066774064,Assault,2.5,19,LB Nagar,0
17.43468323671073,78.41520768820543,Eve Teasing,9.5,16,Jubilee Hills,0
17.374478704808368,78.44540896877109,Pickpocketing,9.6,10,Unknown,0
17.396187923961246,78.39826928782138,Assault,5.3,20,Tolichowki,1
17.30206627128282,78.53740072218368,Assault,6.8,22,Unknown,1
17.43890857595609,78.3862315897239,Eve Teasing,7.1,10,Jubilee Hills,0
17.27203427980599,78.4004244996184,Vandalism,8.3,19,Shamshabad,0
17.357757520748613,78.47016203039415,Robbery,9.8,19,Charminar,0
17.442575037216606,78.43838306433247,Vehicle Theft,4.0,11,Ameerpet,0
17.446327981774477,78.63156333932675,Chain Snatching,3.0,12,Unknown,0
17.410986011908186,78.32881439255763,Chain Snatching,4.0,22,Nanakramguda,1
17.416534377495054,78.56152528411651,Chain Snatching,7.8,20,Uppal,1
17.45074946278028,78.63516530416986,Theft,6.8,17,Unknown,0
17.421374761008387,78.5950104952267,Pickpocketing,6.5,13,Unknown,0
17.481909509452134,78.38156644216454,Robbery,2.8,12,Kukatpally,0
17.41076035299952,78.41345238399082,Vandalism,8.3,23,Tolichowki,1
17.436618826325248,78.49826805001523,Theft,7.4,15,Secunderabad,0
17.438384708197862,78.51732623481325,Vandalism,4.7,16,Unknown,0
17.412418128267902,78.35529866628926,Robbery,8.5,19,Nanakramguda,0
17.398093896716052,78.54387389594795,Vandalism,2.1,4,Uppal,1
17.397591572421863,78.34548724322026,Drug Offense,5.2,11,Nanakramguda,0
17.57219241354086,78.30939391033526,Cybercrime,9.4,14,Unknown,0
17.493411075819758,78.53660056216235,Chain Snatching,6.2,8,Unknown,0
17.375826090704333,78.46896826442372,Drug Offense,7.7,18,Charminar,0
17.386919724968067,78.39457687296861,Vandalism,2.4,21,Tolichowki,1
17.36173551006161,78.48029579480755,Vehicle Theft,5.0,0,Charminar,1
17.35209510761194,78.45896340009223,Vehicle Theft,7.0,6,Charminar,0
17.387368949374057,78.52208115158543,Robbery,6.9,18,Dilsukhnagar,0
17.358752961678107,78.57027910530162,Vehicle Theft,3.0,17,LB Nagar,0
17.499505015769884,78.37876655494468,Vandalism,6.1,8,Miyapur,0
17.3777432823748,78.51940260325844,Robbery,4.9,11,Dilsukhnagar,0
17.430057062049986,78.49160453324204,Cybercrime,4.1,11,Secunderabad,0
17.417924574319063,78.38307294692152,Vandalism,3.7,16,Raidurg,0
17.39233709589203,78.42535731451,Vandalism,8.4,10,Tolichowki,0
17.309888490230385,78.54222278667024,Assault,9.2,6,Unknown,0
17.354009545656712,78.44221091948175,Theft,3.0,4,Unknown,1
17.421371282881886,78.32393545486376,Vehicle Theft,2.5,16,Nanakramguda,0
17.444876161747835,78.4859153466004,Assault,5.4,22,Secunderabad,1
17.359435857545048,78.4779445318447,Vandalism,4.5,11,Charminar,0
17.44107248928886,78.39733479457475,Vandalism,6.5,17,Hitech City,0
17.40082446704185,78.57373597606244,Drug Offense,5.1,21,Uppal,1
17.399290818039297,78.57268986645533,Eve Teasing,8.9,18,Uppal,0
17.514052550630392,78.39360442065065,Theft,9.0,1,Kukatpally,1
17.421935245790596,78.4342062414183,Assault,5.1,21,Ameerpet,1
17.432921471081308,78.33245952554539,Chain Snatching,8.3,18,Financial District,0
17.43253638127764,78.40109155736218,Vehicle Theft,8.2,3,Jubilee Hills,1
17.420747660097344,78.41170004983172,Eve Teasing,2.1,13,Jubilee Hills,0
17.418015060105176,78.42409747811496,Drug Offense,7.1,8,Tolichowki,0
17.409198136030284,78.43080164011147,Robbery,3.1,20,Mehdipatnam,1
17.4371371666202,78.36635860289614,Robbery,4.1,12,Raidurg,0
17.399406578542127,78.43294094432139,Assault,2.7,9,Tolichowki,0
17.49207247876528,78.36885158556878,Assault,6.6,17,Unknown,0
17.366957245597685,78.50857251753008,Pickpocketing,4.8,14,Dilsukhnagar,0
17.510776344311672,78.37162035427687,Chain Snatching,2.4,3,Miyapur,1
17.355960540131353,78.49717746651322,Pickpocketing,5.5,15,Charminar,0
17.49821656760394,78.3562634260821,Chain Snatching,8.0,12,Miyapur,0
17.347905526429397,78.53305385437719,Eve Teasing,6.0,10,Dilsukhnagar,0
17.27761626030576,78.47992878878884,Pickpocketing,6.3,2,Unknown,1
17.384602988861186,78.52414695395846,Vandalism,8.1,14,Dilsukhnagar,0
17.43085242182008,78.3483545399495,Vehicle Theft,2.2,2,Financial District,1
17.382002291093137,78.54965676909941,Chain Snatching,7.5,8,Uppal,0
17.55253765492976,78.55592605200961,Vehicle Theft,4.1,0,Unknown,1
17.22118515207304,78.41051243254144,Robbery,7.0,1,Unknown,1
17.470717527277483,78.48021629660983,Vandalism,9.3,22,Unknown,1
17.380151117593293,78.53241834247065,Theft,6.2,4,Dilsukhnagar,1
17.456773205508345,78.49540164110925,Assault,8.5,14,Secunderabad,0
17.345502493347034,78.45901911668291,Eve Teasing,8.1,11,Charminar,0
17.384475291028217,78.42166966337682,Vandalism,8.3,15,Mehdipatnam,0
17.418183312348212,78.55622315104266,Vandalism,8.7,22,Uppal,1
17.422021540081666,78.3247656297877,Eve Teasing,8.3,17,Financial District,0
17.453865961858444,78.38476349532797,Vandalism,8.6,20,Hitech City,1
17.48391924163932,78.34729267563885,Vehicle Theft,5.6,18,Miyapur,0
17.413707168384555,78.42484957695659,Pickpocketing,4.5,2,Mehdipatnam,1
17.261155778957992,78.39415555698882,Vandalism,2.3,1,Shamshabad,1
17.409578766116784,78.42867836358288,Eve Teasing,7.5,13,Mehdipatnam,0
17.428967398204637,78.38905402031786,Cybercrime,3.5,15,Jubilee Hills,0
17.46652628279872,78.48536498469909,Vandalism,5.9,15,Unknown,0
17.485232765545994,78.34911501261325,Drug Offense,5.5,15,Miyapur,0
17.49582209688282,78.55996515694916,Assault,9.8,2,Unknown,1
17.41163023003295,78.45554753092337,Vandalism,2.6,8,Banjara Hills,0
17.400454422816402,78.43488990761082,Vehicle Theft,4.2,11,Banjara Hills,0
17.4318673351007,78.40253397246062,Robbery,7.0,18,Jubilee Hills,0
17.43013286163466,78.44184824423935,Theft,2.0,21,Ameerpet,1
17.39886036046398,78.35526725987049,Chain Snatching,7.6,5,Nanakramguda,1
17.387712954422994,78.42224714869715,Chain Snatching,7.8,3,Tolichowki,1
17.496472102323892,78.33797638966655,Vandalism,3.7,3,Miyapur,1
17.218540533074076,78.62933901781878,Eve Teasing,3.3,0,Unknown,1
17.478691567834584,78.39639756257073,Chain Snatching,2.4,4,Kukatpally,1
17.54130022225487,78.58108801689049,Cybercrime,8.6,8,Unknown,0
17.378492286388838,78.44305922981451,Cybercrime,7.0,3,Mehdipatnam,1
17.394787399810944,78.41917803152299,Robbery,3.8,19,Tolichowki,0
17.438366566894572,78.38230456532146,Robbery,9.7,10,Raidurg,0
17.424806445704384,78.38654978832606,Assault,7.3,20,Hitech City,1
17.44552111468205,78.39628312381775,Vehicle Theft,3.2,20,Jubilee Hills,1
17.419376758103095,78.55266967423375,Pickpocketing,6.3,21,Uppal,1
17.410629438307186,78.39779664908299,Theft,4.0,17,Raidurg,0
17.371145854205082,78.51854361399454,Robbery,8.1,18,Dilsukhnagar,0
17.382019258769642,78.51189174882967,Vehicle Theft,7.4,21,Dilsukhnagar,1
17.38894259142381,78.41618142538671,Pickpocketing,5.0,12,Mehdipatnam,0
17.33772085991914,78.40982212309883,Eve Teasing,5.2,9,Unknown,0
17.403612310135287,78.56843830559525,Vandalism,7.5,6,Uppal,0
17.375072135340393,78.52763002917453,Pickpocketing,9.9,10,Dilsukhnagar,0
17.397087682981276,78.35355598665046,Theft,4.4,2,Nanakramguda,1
17.438325351009688,78.3963565797727,Theft,2.9,16,Hitech City,0
17.396067985068818,78.40167795761816,Vehicle Theft,6.5,18,Tolichowki,0
17.41868680525602,78.45819327714038,Vehicle Theft,9.7,6,Ameerpet,0
17.445619519973544,78.39495911628293,Vandalism,8.7,15,Unknown,0
17.422975734054756,78.50378086174501,Theft,5.7,20,Secunderabad,1
17.478385216366227,78.38661398843865,Robbery,7.0,10,Kukatpally,0
17.366107262988585,78.49488041724425,Drug Offense,6.8,3,Charminar,1
17.34008050961461,78.50910949642024,Theft,4.2,7,Unknown,0
17.267037362419806,78.40457492905236,Cybercrime,5.6,4,Shamshabad,1
17.327701473054443,78.56419397115474,Assault,8.3,5,Unknown,1
17.451124079699156,78.44313071742548,Pickpocketing,7.7,15,Ameerpet,0
17.460367987717177,78.37878351638385,Chain Snatching,7.4,20,Hitech City,1
17.444882099290258,78.42721201417996,Robbery,2.1,23,Ameerpet,1
17.426098617601227,78.43743937017649,Assault,7.6,16,Banjara Hills,0
17.403484856280034,78.4420492424272,Pickpocketing,9.7,5,Banjara Hills,1
17.49469072765737,78.35638256846507,Robbery,6.8,8,Miyapur,0
17.371338275930555,78.46452960773225,Drug Offense,8.6,4,Charminar,1
17.373621993304358,78.54681621106816,Robbery,5.5,2,Dilsukhnagar,1
17.24169134639317,78.41705601144943,Vandalism,8.9,8,Shamshabad,0
17.419461805209867,78.38964203919893,Chain Snatching,3.4,3,Raidurg,1
17.5879606971933,78.34534487546243,Drug Offense,7.6,12,Unknown,0
17.436073752948932,78.33981536015735,Assault,9.9,16,Nanakramguda,0
17.485255943836023,78.35011005750665,Pickpocketing,9.6,3,Miyapur,1
17.429321830280088,78.33649095035197,Eve Teasing,5.8,20,Financial District,1
17.390717585450258,78.41214439095305,Eve Teasing,5.1,0,Mehdipatnam,1
17.254072436329825,78.38459261576045,Vandalism,7.8,8,Shamshabad,0
17.424301179256727,78.33061949030323,Theft,7.2,15,Nanakramguda,0
17.456623260735377,78.4869588602676,Eve Teasing,5.8,21,Secunderabad,1
17.452842387212414,78.4635984673112,Pickpocketing,7.5,7,Unknown,0
17.418037154063377,78.4188134226879,Robbery,5.9,10,Tolichowki,0
17.44390027559181,78.33344879171646,Vehicle Theft,7.5,8,Gachibowli,0
17.43042303781235,78.37202947519849,Chain Snatching,6.0,18,Hitech City,0
17.400313322811787,78.33140891414212,Eve Teasing,10.0,20,Nanakramguda,1
17.388009272770542,78.55450287550094,Eve Teasing,4.1,10,Uppal,0
17.35171905574864,78.5728823432615,Drug Offense,4.2,22,LB Nagar,1
17.517591050435687,78.36602811393298,Eve Teasing,7.3,19,Miyapur,0
17.403043065101546,78.43897200697867,Assault,5.8,1,Banjara Hills,1
17.45157872271505,78.51259726232948,Assault,5.4,16,Secunderabad,0
17.49998200437117,78.41259963460583,Robbery,7.5,0,Kukatpally,1
17.424109989833838,78.39612637187139,Vehicle Theft,5.0,5,Raidurg,1
17.427918876183718,78.36258737539413,Theft,2.4,3,Gachibowli,1
17.515397465348407,78.5419906289618,Drug Offense,9.2,13,Unknown,0
17.330445359818512,78.32248131289336,Robbery,7.7,0,Unknown,1
17.418016389377065,78.55453757499112,Vehicle Theft,6.9,22,Uppal,1
17.377040166114337,78.44681742960842,Assault,6.8,4,Mehdipatnam,1
17.492537225182154,78.40859276464917,Assault,3.6,5,Kukatpally,1
17.414612987133886,78.37889616314189,Chain Snatching,5.7,23,Raidurg,1
17.40664523720561,78.43994940919798,Drug Offense,6.6,16,Banjara Hills,0
17.437230193881966,78.34011305536112,Chain Snatching,9.2,10,Gachibowli,0
17.51443216900014,78.34981900702331,Assault,7.1,1,Miyapur,1
17.486085582464828,78.36730430945447,Robbery,7.8,3,Miyapur,1
17.48125199909528,78.36238593184866,Eve Teasing,4.8,12,Miyapur,0
17.23992269464659,78.39262891378313,Vandalism,6.2,12,Shamshabad,0
17.415794794539625,78.35266166114017,Theft,5.5,0,Nanakramguda,1
17.507134832392488,78.38013979201432,Eve Teasing,9.3,21,Kukatpally,1
17.4545537632001,78.43630119466654,Assault,3.8,5,Ameerpet,1
17.439886488078358,78.36404267345343,Vandalism,3.6,3,Raidurg,1
17.43211242073794,78.35117838891206,Drug Offense,2.9,11,Gachibowli,0
17.516512760205107,78.40473538829666,Assault,8.2,3,Kukatpally,1
17.42577809057496,78.35406127813393,Drug Offense,3.4,4,Gachibowli,1
17.44616020737625,78.45402655074082,Pickpocketing,8.2,9,Ameerpet,0
17.45033732066514,78.34838541019924,Robbery,7.1,4,Gachibowli,1
17.45473156231642,78.35808490342873,Cybercrime,5.1,1,Gachibowli,1
17.51575347666699,78.37431817521804,Vehicle Theft,2.9,7,Unknown,0
17.497500099234472,78.41335769295374,Pickpocketing,6.4,12,Kukatpally,0
17.40603388722985,78.35650678263895,Drug Offense,3.7,2,Nanakramguda,1
17.492037977753203,78.34404553891505,Vehicle Theft,7.1,13,Miyapur,0
17.45069749486175,78.43982666159016,Eve Teasing,5.5,22,Ameerpet,1
17.42277217001376,78.50555598815627,Chain Snatching,7.8,17,Secunderabad,0
17.32783295966164,78.55002656334996,Vehicle Theft,4.8,13,LB Nagar,0
17.398633956324797,78.41411895963105,Vandalism,6.9,6,Mehdipatnam,0
17.32430079566947,78.54502438402143,Assault,7.0,15,LB Nagar,0
17.39309788285866,78.59658756385502,Robbery,2.1,8,Unknown,0
17.419184822418163,78.35668033226071,Vandalism,3.5,7,Financial District,0
17.39842158353175,78.36033490987295,Drug Offense,9.2,17,Unknown,0
17.433788744171032,78.41709272381264,Drug Offense,5.9,11,Jubilee Hills,0
17.25487030611191,78.52682244294802,Vandalism,9.5,21,Unknown,1
17.465954710237042,78.39892609859115,Chain Snatching,9.9,14,Unknown,0
17.335132594444232,78.64961359128644,Assault,5.3,8,Unknown,0
17.425952120814127,78.33589851742683,Drug Offense,8.7,14,Gachibowli,0
17.49327832189908,78.38980778004901,Drug Offense,3.7,5,Kukatpally,1
17.368944782584602,78.53881951700366,Cybercrime,2.7,12,Dilsukhnagar,0
17.259068019692027,78.40542287977686,Eve Teasing,7.6,15,Shamshabad,0
17.45139498790506,78.41467374124153,Assault,3.7,16,Jubilee Hills,0
17.432497749345885,78.34108221952111,Theft,5.5,10,Nanakramguda,0
17.308278577885016,78.6131069492304,Theft,7.8,0,Unknown,1
17.39398895167773,78.43163129589632,Theft,9.6,18,Banjara Hills,0
17.42256789278489,78.35386306500803,Drug Offense,3.1,2,Gachibowli,1
17.394508960433306,78.56276682485894,Vandalism,8.0,18,Uppal,0
17.500936005979,78.39622986029227,Chain Snatching,5.1,9,Kukatpally,0
17.453510862808958,78.43709123802445,Eve Teasing,8.2,20,Ameerpet,1
17.435662829615616,78.33654752867031,Assault,3.8,13,Gachibowli,0
17.430026753082142,78.36673367368559,Robbery,7.2,18,Gachibowli,0
17.419403180986873,78.35692456556696,Vehicle Theft,2.6,18,Financial District,0
17.432805323948646,78.3662928665064,Drug Offense,9.5,14,Raidurg,0
17.431155641583146,78.33381106709925,Robbery,6.9,3,Nanakramguda,1
17.361954365797565,78.4463696995209,Drug Offense,2.8,4,Unknown,1
17.242156065875662,78.40386054493888,Assault,4.3,0,Shamshabad,1
17.339613748814863,78.53041431550407,Chain Snatching,2.0,17,LB Nagar,0
17.424423880863856,78.43174985364774,Chain Snatching,9.9,0,Banjara Hills,1
17.443380853224735,78.36476578692356,Cybercrime,7.4,8,Hitech City,0
17.403220040833546,78.44350727364721,Pickpocketing,7.4,14,Banjara Hills,0
17.42731006164118,78.35745431471422,Vehicle Theft,2.1,0,Gachibowli,1
17.427748412243968,78.45381978365499,Drug Offense,6.8,6,Banjara Hills,0
17.391290248304696,78.4148146883374,Robbery,6.9,0,Mehdipatnam,1
17.478659651154544,78.3977108841151,Cybercrime,9.5,17,Kukatpally,0
17.26166798791915,78.42424787245665,Eve Teasing,9.6,21,Shamshabad,1
17.450757799843707,78.35079789280223,Chain Snatching,7.2,23,Gachibowli,1
17.41332818843905,78.40729160450425,Vehicle Theft,3.4,11,Jubilee Hills,0
17.49413114013894,78.40300024328015,Assault,3.0,12,Kukatpally,0
17.415746130151405,78.3988137503478,Eve Teasing,9.5,4,Tolichowki,1
17.377010976535384,78.43496245484575,Pickpocketing,6.0,21,Mehdipatnam,1
17.37483393239483,78.46280654899365,Cybercrime,6.4,14,Charminar,0
17.39834559420312,78.42672949101194,Vehicle Theft,2.6,6,Unknown,0
17.377443291972778,78.54987950914696,Pickpocketing,7.4,12,Uppal,0
17.394507603210972,78.54322575251055,Pickpocketing,8.0,18,Uppal,0
17.432362329249276,78.36243717635276,Robbery,9.1,17,Hitech City,0
17.248991670278816,78.40935395388993,Chain Snatching,6.9,0,Shamshabad,1
17.254874824415946,78.39651297389614,Chain Snatching,8.8,16,Shamshabad,0
17.26382224619046,78.51748796650463,Pickpocketing,2.7,8,Unknown,0
17.427842348196,78.41775038066436,Assault,3.9,9,Jubilee Hills,0
17.559827066165642,78.42360554581666,Drug Offense,5.3,22,Unknown,1
17.41719877911206,78.33035095344356,Drug Offense,5.3,7,Nanakramguda,0
17.414693469509146,78.39907192036682,Robbery,2.2,21,Jubilee Hills,1
17.325203884420244,78.39495817545311,Vandalism,9.9,14,Unknown,0
17.434902341424802,78.38391381893436,Robbery,6.5,3,Jubilee Hills,1
17.447897971693877,78.34674501378812,Cybercrime,9.8,6,Gachibowli,0
17.37813200848308,78.46111555251862,Robbery,3.4,12,Charminar,0
17.241744558621267,78.41810458047698,Vehicle Theft,9.7,0,Unknown,1
17.40765306990729,78.37983467940496,Vehicle Theft,4.9,22,Raidurg,1
17.441419923268906,78.50070480407264,Drug Offense,5.2,23,Secunderabad,1
17.414055103570078,78.43869055682778,Theft,9.7,18,Mehdipatnam,0
17.42061952495404,78.42433648222797,Vandalism,2.6,0,Banjara Hills,1
17.465189186248455,78.64629717462161,Pickpocketing,6.6,15,Unknown,0
17.42839907186307,78.37081378248286,Drug Offense,2.6,1,Hitech City,1
17.47758332460221,78.37220878632488,Robbery,6.2,19,Miyapur,0
17.43225126794831,78.41875067878597,Vandalism,9.3,3,Jubilee Hills,1
17.416935236953353,78.41444941832631,Pickpocketing,8.5,12,Tolichowki,0
17.359793204863923,78.51915489883339,Vehicle Theft,6.6,14,Dilsukhnagar,0
17.39954673309992,78.41594466484682,Theft,4.1,11,Tolichowki,0
17.43937072871283,78.36173921727473,Vandalism,8.3,3,Gachibowli,1
17.408235421493973,78.32781273779251,Vandalism,2.9,7,Financial District,0
17.423060438964654,78.3249262675331,Vandalism,8.2,23,Nanakramguda,1
17.412224514953238,78.36756507201616,Eve Teasing,5.1,17,Financial District,0
17.38025490718771,78.4690627871544,Chain Snatching,5.5,8,Charminar,0
17.464279024558586,78.35853786419732,Assault,8.4,5,Unknown,1
17.454641201603888,78.5126802988113,Vandalism,5.9,21,Secunderabad,1
17.241348514704736,78.39334234736894,Pickpocketing,7.6,13,Shamshabad,0
17.44450831245938,78.50909485519799,Assault,6.0,20,Secunderabad,1
17.448717523574622,78.33002762386283,Eve Teasing,4.5,17,Gachibowli,0
17.50288636907819,78.34448806832827,Eve Teasing,7.6,3,Miyapur,1
17.42783312473662,78.51343571323949,Vandalism,3.6,11,Secunderabad,0
17.40755791946641,78.36351887683473,Eve Teasing,8.1,23,Nanakramguda,1
17.38599159213193,78.43327581959429,Vandalism,5.5,14,Mehdipatnam,0
17.265197077204377,78.4044177478994,Cybercrime,9.9,10,Shamshabad,0
17.409377211176132,78.42231802402341,Vehicle Theft,2.4,13,Tolichowki,0
17.50680072143269,78.46030965725394,Vandalism,6.5,3,Unknown,1
17.451017412670065,78.45134814119687,Drug Offense,5.6,2,Ameerpet,1
17.382101129880834,78.43857739561383,Vandalism,6.6,19,Mehdipatnam,0
17.492216454073734,78.55650080004371,Drug Offense,7.0,11,Unknown,0
17.444456021990195,78.41934338794883,Vandalism,6.5,5,Jubilee Hills,1
17.480732562962054,78.36385558018124,Vandalism,4.8,7,Miyapur,0
17.457819387435748,78.45283146959105,Vandalism,5.2,17,Ameerpet,0
17.344739987204616,78.5684821396585,Vandalism,3.1,7,LB Nagar,0
17.42596837858444,78.35698875505429,Vandalism,3.3,14,Gachibowli,0
17.436845954038354,78.32962382229431,Drug Offense,6.1,16,Gachibowli,0
17.348219331910542,78.46288536417906,Chain Snatching,3.3,9,Charminar,0
17.41390560394026,78.5422373809489,Chain Snatching,4.3,19,Uppal,0
17.498139091298015,78.39716771796576,Eve Teasing,7.5,3,Kukatpally,1
17.498729790924944,78.42194923960763,Cybercrime,2.5,21,Kukatpally,1
17.404004108792464,78.4203610192359,Chain Snatching,3.5,12,Banjara Hills,0
17.212797585668252,78.41375607770347,Vandalism,9.2,12,Unknown,0
17.439653902423963,78.36729662318568,Assault,2.2,2,Hitech City,1
17.36612397499663,78.55213294750101,Theft,6.4,18,Dilsukhnagar,0
17.4178447779427,78.36488421897226,Vehicle Theft,4.1,2,Nanakramguda,1
17.399939266322637,78.44611213002743,Theft,4.4,8,Mehdipatnam,0
17.369985339059028,78.42258427099114,Theft,4.0,2,Unknown,1
17.442323322465214,78.45016903495845,Chain Snatching,5.3,3,Ameerpet,1
17.400325177816885,78.55088710919448,Eve Teasing,3.2,17,Uppal,0
17.43256185469938,78.40023415234923,Vandalism,4.8,4,Jubilee Hills,1
17.508005397751745,78.41663252495243,Theft,9.4,11,Kukatpally,0
17.518043895819677,78.50704786755963,Robbery,8.7,21,Unknown,1
17.509580036284227,78.39206021799771,Cybercrime,5.7,22,Kukatpally,1
17.432307325403574,78.36492200541105,Robbery,4.8,5,Raidurg,1
17.434267295089988,78.35769320674473,Drug Offense,4.6,20,Hitech City,1
17.419868082949158,78.55851107008156,Vandalism,5.1,11,Uppal,0
17.355615320738593,78.43339581285535,Chain Snatching,10.0,22,Unknown,1
17.500087842523,78.3864430013562,Vehicle Theft,2.1,1,Kukatpally,1
17.433779877388396,78.47998964905977,Pickpocketing,2.2,21,Unknown,1
17.425958495678383,78.35578067101704,Assault,4.0,6,Financial District,0
17.403890428984965,78.33995421233237,Vandalism,5.4,0,Nanakramguda,1
17.39595172125909,78.33653818532973,Pickpocketing,6.9,6,Financial District,0
17.230553239626374,78.50667003968178,Eve Teasing,8.5,9,Unknown,0
17.407623459055152,78.3437266298969,Vandalism,8.2,9,Financial District,0
17.44727587467305,78.42896405897756,Pickpocketing,4.5,6,Ameerpet,0
17.450541967831683,78.46289456174357,Eve Teasing,4.4,17,Unknown,0
17.412500130978906,78.32393181406071,Pickpocketing,2.6,10,Nanakramguda,0
17.360948843155462,78.5684940749514,Cybercrime,5.5,14,LB Nagar,0
17.499411761430956,78.42013604343525,Pickpocketing,3.6,10,Kukatpally,0
17.384464418659523,78.53337693636837,Chain Snatching,3.4,15,Dilsukhnagar,0
17.235973104134576,78.44924937067746,Drug Offense,3.3,12,Unknown,0
17.406334889896865,78.41156196420683,Robbery,4.5,4,Tolichowki,1
17.383117535859242,78.54727006742166,Vandalism,7.7,3,Dilsukhnagar,1
17.421350561427005,78.36328852902636,Vehicle Theft,3.3,6,Financial District,0
17.441894562607246,78.41969226976668,Robbery,6.1,10,Jubilee Hills,0
17.414863501249567,78.39860232120421,Theft,2.8,20,Jubilee Hills,1
17.27069619259926,78.46746819694063,Eve Teasing,8.5,12,Unknown,0
17.43284653287565,78.33466310810334,Chain Snatching,2.2,6,Gachibowli,0
17.494298378889194,78.40230819443124,Theft,5.0,0,Kukatpally,1
17.3590402534249,78.48367693350946,Assault,6.9,21,Charminar,1
17.4519260396231,78.34123145377598,Vehicle Theft,4.5,19,Gachibowli,0
17.423770609386487,78.4015151441128,Drug Offense,9.7,7,Jubilee Hills,0
17.35133297531814,78.56226476533584,Eve Teasing,9.2,1,LB Nagar,1
17.270363431842657,78.41441003736612,Pickpocketing,7.3,6,Shamshabad,0
17.25624526172615,78.40166211887178,Drug Offense,4.7,2,Shamshabad,1
17.360533571959497,78.47829411337668,Drug Offense,5.8,20,Unknown,1
17.402318119827722,78.50955535324975,Vehicle Theft,5.4,13,Unknown,0
17.3475036174653,78.53581045745825,Assault,2.9,6,LB Nagar,0
17.440586943197466,78.36686885705079,Robbery,7.0,6,Hitech City,0
17.522343758687626,78.61598105407738,Vehicle Theft,7.0,9,Unknown,0
17.350890019272562,78.47736895870247,Eve Teasing,7.3,10,Charminar,0
17.417333046568075,78.34592845204942,Pickpocketing,7.5,10,Nanakramguda,0
17.389673658778406,78.4065366975742,Theft,6.9,1,Tolichowki,1
17.447518394183682,78.46662234771631,Vandalism,2.7,10,Ameerpet,0
17.393625677190627,78.44309654197235,Eve Teasing,6.4,21,Mehdipatnam,1
17.30964976132485,78.55019694756339,Chain Snatching,4.8,13,Unknown,0
17.436443441806738,78.43531152896452,Theft,9.3,3,Banjara Hills,1
17.37584981453204,78.45980144311069,Robbery,6.0,12,Charminar,0
17.415449372084666,78.44474702715286,Drug Offense,2.1,15,Ameerpet,0
17.41135590510585,78.34542525404798,Pickpocketing,9.9,4,Financial District,1
17.430722033531485,78.45215984145965,Assault,8.7,7,Ameerpet,0
17.26239986572321,78.39307263344523,Vehicle Theft,7.5,2,Shamshabad,1
17.36152846475086,78.5478752971672,Drug Offense,9.6,20,LB Nagar,1
17.575738318259646,78.31404119893183,Eve Teasing,6.9,11,Unknown,0
17.37425827624571,78.52386797805022,Drug Offense,9.4,23,Dilsukhnagar,1
17.284991245625818,78.36106785955974,Chain Snatching,9.2,9,Unknown,0
17.50683846555419,78.4157515372403,Drug Offense,3.2,14,Kukatpally,0
17.444686945207767,78.41027529070521,Chain Snatching,9.4,5,Jubilee Hills,1
17.47818482992849,78.35676494888342,Drug Offense,3.3,14,Miyapur,0
17.40334378584558,78.41181102202297,Chain Snatching,4.8,0,Mehdipatnam,1
17.410080455756017,78.33042909338327,Theft,9.5,7,Nanakramguda,0
17.339581946421053,78.5302470325557,Pickpocketing,8.8,6,LB Nagar,0
17.395038719641704,78.40095484253035,Cybercrime,9.3,18,Tolichowki,0
17.46660203344507,78.43277424156823,Theft,3.7,3,Unknown,1
17.47655317669661,78.56602441921285,Vehicle Theft,3.5,15,Unknown,0
17.3714227477095,78.43713673120304,Pickpocketing,9.9,6,Mehdipatnam,0
17.408793634780224,78.41696209744723,Cybercrime,4.8,3,Tolichowki,1
17.437793155617182,78.45775745374779,Pickpocketing,6.7,6,Ameerpet,0
17.244691154287054,78.41556455233888,Vehicle Theft,6.8,4,Shamshabad,1
17.419078086472844,78.39366419674352,Theft,7.7,8,Raidurg,0
17.39770618003923,78.43660664354745,Pickpocketing,3.6,18,Tolichowki,0
17.34079216055725,78.55669926464577,Pickpocketing,6.2,11,LB Nagar,0
17.402344526139036,78.42439911374481,Vehicle Theft,2.3,12,Mehdipatnam,0
17.379671168512935,78.42295538673909,Cybercrime,6.5,21,Tolichowki,1
17.415709526059036,78.40926855571026,Pickpocketing,6.7,19,Jubilee Hills,0
17.44742481954537,78.36326483563592,Eve Teasing,5.9,10,Gachibowli,0
17.406148588470504,78.56950082890728,Assault,5.6,1,Uppal,1
17.4976061421885,78.40686120189271,Vandalism,5.3,5,Kukatpally,1
17.444018582055744,78.4792600288646,Vandalism,2.3,1,Secunderabad,1
17.506254587205007,78.35610585449646,Assault,2.6,9,Unknown,0
17.492299309042956,78.37997319109004,Eve Teasing,3.6,1,Miyapur,1
17.507040548500676,78.3866907799364,Eve Teasing,2.3,23,Kukatpally,1
17.248324877769438,78.39938835658259,Chain Snatching,5.4,8,Shamshabad,0
17.44765627920885,78.46184464738745,Chain Snatching,2.7,2,Ameerpet,1
17.412473032207775,78.44389421769715,Vandalism,5.8,3,Banjara Hills,1
17.422604025024214,78.41530186869008,Chain Snatching,4.2,7,Jubilee Hills,0
17.449887720502307,78.44625772875362,Chain Snatching,7.9,20,Ameerpet,1
17.322101730758448,78.56742707300903,Robbery,9.0,2,Unknown,1
17.441313349242996,78.38312448266362,Cybercrime,9.1,5,Raidurg,1
17.41267186400451,78.36496323619828,Chain Snatching,7.3,9,Financial District,0
17.39331925856095,78.53954700018956,Drug Offense,4.2,0,Uppal,1
17.317014287841857,78.47895334672863,Eve Teasing,3.3,20,Unknown,1
17.48187682137125,78.39945961276058,Theft,2.6,16,Kukatpally,0
17.38172591864863,78.5536423105173,Drug Offense,5.0,17,Uppal,0
17.40502272972647,78.3596352127379,Drug Offense,4.2,18,Nanakramguda,0
17.409044423399664,78.43038778122327,Drug Offense,8.2,2,Mehdipatnam,1
17.374950291575185,78.45929888000038,Drug Offense,4.8,19,Charminar,0
17.260278067708917,78.41504996642774,Assault,4.0,18,Shamshabad,0
17.389165460562182,78.53201235463386,Vandalism,8.6,19,Dilsukhnagar,0
17.430905938541656,78.52488220706574,Assault,4.2,23,Unknown,1
17.439847155171055,78.4344110146079,Vehicle Theft,2.5,23,Ameerpet,1
17.391880583899074,78.57769151424775,Theft,2.8,11,Uppal,0
17.423516565478344,78.35290166255494,Vehicle Theft,8.9,1,Financial District,1
17.27150660688986,78.41391225131008,Drug Offense,5.3,14,Shamshabad,0
17.308835062725247,78.3539691502346,Assault,8.4,18,Unknown,0
17.400335858793152,78.41279775447205,Chain Snatching,5.1,16,Mehdipatnam,0
17.405625319840706,78.34916824078073,Drug Offense,5.9,18,Nanakramguda,0
17.28144672233842,78.48970449250602,Theft,9.2,13,Unknown,0
17.334232600710347,78.39151303107758,Pickpocketing,6.9,11,Unknown,0
17.427791333510665,78.359614119074,Pickpocketing,3.5,7,Raidurg,0
17.447011748740128,78.51312077985874,Vandalism,3.7,22,Secunderabad,1
17.37956746008073,78.513539593741,Pickpocketing,7.4,1,Dilsukhnagar,1
17.260114025698094,78.62578841595337,Chain Snatching,3.6,9,Unknown,0
17.37026174365633,78.46284459387303,Chain Snatching,3.3,16,Charminar,0
17.297269509137532,78.64155833799589,Eve Teasing,3.5,5,Unknown,1
17.386830249839033,78.40538054887371,Drug Offense,5.0,14,Tolichowki,0
17.382338254454478,78.46972715366108,Theft,2.5,7,Charminar,0
17.49576201630802,78.40551315870715,Theft,8.3,7,Kukatpally,0
17.39876747885731,78.33156404091832,Eve Teasing,2.4,21,Nanakramguda,1
17.422090477512896,78.43690192533933,Vandalism,6.6,9,Banjara Hills,0
17.49213324795558,78.34110641539853,Theft,9.8,8,Miyapur,0
17.473374785572016,78.50625700421446,Theft,9.2,1,Unknown,1
17.484103407122834,78.41611802420422,Cybercrime,6.7,18,Kukatpally,0
17.440564925520714,78.3993172949696,Cybercrime,6.4,10,Hitech City,0
17.413717844527476,78.40877813582759,Robbery,9.0,12,Tolichowki,0
17.48264604316265,78.3901909563767,Pickpocketing,6.0,5,Kukatpally,1
17.215821861924347,78.46982222371786,Drug Offense,7.6,14,Unknown,0
17.35618064423982,78.47113821284702,Vehicle Theft,2.3,8,Charminar,0
17.44360288769371,78.46412994320023,Theft,8.2,7,Ameerpet,0
17.457401640983168,78.4795743310009,Robbery,5.8,12,Unknown,0
17.400790631793047,78.55122495706561,Chain Snatching,7.5,9,Uppal,0
17.583886150653868,78.3751378516162,Pickpocketing,2.1,8,Unknown,0
17.32107554942394,78.3187835365424,Drug Offense,6.6,13,Unknown,0
17.370602542765972,78.48950017419199,Drug Offense,9.9,17,Charminar,0
17.504030809040767,78.36163628854884,Cybercrime,6.5,8,Miyapur,0
17.342912702552706,78.54863280857415,Cybercrime,4.9,13,LB Nagar,0
17.430502147675757,78.42487475657714,Robbery,6.3,15,Jubilee Hills,0
17.405649405469283,78.34362635011585,Drug Offense,9.9,10,Financial District,0
17.306055785772784,78.38803926468145,Pickpocketing,7.7,8,Unknown,0
17.42315517956754,78.50619285621407,Robbery,2.3,23,Secunderabad,1
17.42929694583227,78.34278248098441,Drug Offense,9.0,23,Gachibowli,1
17.36240169451025,78.51613131513405,Vehicle Theft,5.2,21,Unknown,1
17.360455675070362,78.55362798833602,Pickpocketing,5.6,2,LB Nagar,1
17.409408814581273,78.42596696835075,Theft,3.1,22,Banjara Hills,1
17.421725434973585,78.43630237734723,Chain Snatching,6.5,2,Ameerpet,1
17.436682733805572,78.35050678705494,Assault,2.3,14,Nanakramguda,0
17.49488312273937,78.38321468853607,Chain Snatching,9.9,20,Kukatpally,1
17.358142104858672,78.45011665714243,Chain Snatching,5.7,6,Unknown,0
17.258589889136484,78.42779077715728,Eve Teasing,3.6,2,Shamshabad,1
17.379630703014083,78.53701866343164,Chain Snatching,8.4,19,Dilsukhnagar,0
17.418619546508587,78.39727948358731,Drug Offense,2.8,20,Raidurg,1
17.525949205679087,78.45574638753172,Theft,9.9,10,Unknown,0
17.41082441845108,78.32921095658254,Pickpocketing,9.0,1,Nanakramguda,1
17.346435547485616,78.46189003946382,Assault,8.3,6,Charminar,0
17.329824342978434,78.54616068745212,Theft,6.3,12,LB Nagar,0
17.42189319266692,78.3060926388506,Eve Teasing,5.1,9,Unknown,0
17.43855544095298,78.40005035729804,Pickpocketing,4.4,19,Jubilee Hills,0
17.36878107318598,78.4923669061528,Vandalism,8.1,9,Charminar,0
17.515601834097726,78.35760887729748,Cybercrime,6.1,20,Miyapur,1
17.444251557632175,78.36353911292959,Robbery,9.0,10,Hitech City,0
17.35505947133487,78.33950219015959,Robbery,8.6,21,Unknown,1
17.37779622918716,78.52446688636816,Chain Snatching,5.5,6,Dilsukhnagar,0
17.40292509336228,78.39601467261515,Vandalism,6.2,0,Tolichowki,1
17.45855850770881,78.35886204520432,Vandalism,3.8,15,Gachibowli,0
17.499407379996335,78.37929730558837,Theft,3.0,18,Miyapur,0
17.446014252192402,78.39171271940624,Robbery,5.9,7,Hitech City,0
17.463475343194478,78.52990750876222,Cybercrime,3.5,0,Unknown,1
17.421892861799986,78.32693675959553,Cybercrime,8.7,4,Financial District,1
17.247001610669265,78.45417279665841,Cybercrime,2.8,17,Unknown,0
17.396125741617077,78.43568539277753,Drug Offense,5.7,15,Tolichowki,0
17.404328101438328,78.33507486314136,Drug Offense,5.0,23,Financial District,1
17.422017260042217,78.36073702280942,Assault,9.0,6,Nanakramguda,0
17.499357432638014,78.33997607492027,Cybercrime,7.8,2,Miyapur,1
17.347373660158144,78.53109447933046,Robbery,4.5,4,Dilsukhnagar,1
17.284002334107093,78.46303454510338,Pickpocketing,8.6,21,Unknown,1
17.48224181537918,78.37862457165276,Drug Offense,9.9,14,Miyapur,0
17.429824325347248,78.35224880185744,Assault,4.3,15,Gachibowli,0
17.432967756309885,78.3766923469279,Cybercrime,9.3,18,Raidurg,0
17.431410999810986,78.43840182720614,Drug Offense,7.1,0,Banjara Hills,1
17.393722927921043,78.55513883523764,Vandalism,9.7,2,Unknown,1
17.394373194322203,78.30665488750653,Robbery,6.9,16,Unknown,0
17.30493529848005,78.58491907975706,Eve Teasing,3.9,16,Unknown,0
17.445726547606945,78.36807561007112,Eve Teasing,2.5,7,Hitech City,0
17.561131386718742,78.60373904923755,Vandalism,4.6,7,Unknown,0
17.37808484352901,78.39760459239234,Eve Teasing,4.3,21,Unknown,1
17.377417433917838,78.51249027494725,Drug Offense,6.8,0,Dilsukhnagar,1
17.23871230401919,78.39756063008898,Vehicle Theft,7.8,19,Shamshabad,0
17.520773807320207,78.41050478284315,Vandalism,5.8,14,Unknown,0
17.447921709812665,78.36518873734026,Theft,9.6,6,Hitech City,0
17.354751084886928,78.57357662044085,Chain Snatching,5.4,11,LB Nagar,0
17.392508793364858,78.42478465835363,Vehicle Theft,8.3,16,Mehdipatnam,0
17.53025127797554,78.55159817431527,Eve Teasing,6.4,4,Unknown,1
17.52510680232135,78.6111883582679,Vandalism,8.1,7,Unknown,0
17.47269499338727,78.3845269536265,Assault,8.2,9,Unknown,0
17.348183882067175,78.50939634242214,Vehicle Theft,6.1,23,Unknown,1
17.45033650203963,78.35970814912898,Theft,9.3,16,Gachibowli,0
17.36645888668578,78.51658318330777,Robbery,5.5,3,Dilsukhnagar,1
17.300110513530264,78.63840665607803,Vandalism,7.1,13,Unknown,0
17.376250632094564,78.46223827561133,Cybercrime,2.6,16,Charminar,0
17.40863216760432,78.41506011111773,Drug Offense,6.9,13,Tolichowki,0
17.43402674837298,78.41881505315462,Cybercrime,5.0,22,Jubilee Hills,1
17.391214198336414,78.57623261735716,Pickpocketing,5.1,8,Uppal,0
17.406291771896317,78.55111937022997,Drug Offense,2.8,1,Uppal,1
17.48194882924544,78.4150801462311,Theft,5.6,23,Kukatpally,1
17.43233187460314,78.3558010311096,Drug Offense,3.6,10,Nanakramguda,0
17.446407906178564,78.37473269567346,Chain Snatching,7.8,23,Hitech City,1
17.255338786571535,78.4219334891824,Cybercrime,7.0,21,Shamshabad,1
17.260280847267012,78.39740986659348,Eve Teasing,5.6,6,Shamshabad,0
17.237706729457795,78.41388937315128,Cybercrime,3.5,11,Shamshabad,0
17.401380201281842,78.4483274231124,Robbery,8.8,12,Banjara Hills,0
17.509698208108027,78.34283125732233,Vandalism,7.0,22,Miyapur,1
17.394606458258586,78.57588310826652,Vehicle Theft,4.1,14,Uppal,0
17.3421366027844,78.54609113475988,Robbery,9.8,4,LB Nagar,1
17.414606495848368,78.32563391778646,Robbery,8.3,23,Nanakramguda,1
17.501360614879555,78.33905782402336,Vandalism,3.4,18,Miyapur,0
17.41370570033914,78.3651044130617,Chain Snatching,4.5,5,Financial District,1
17.42868618475132,78.40038005234146,Drug Offense,8.2,11,Raidurg,0
17.35791316240978,78.36037205043229,Eve Teasing,8.2,10,Unknown,0
17.449872505108104,78.35851669273718,Vehicle Theft,8.5,18,Gachibowli,0
17.429262405645016,78.50031229989285,Cybercrime,8.6,4,Secunderabad,1
17.33566702251017,78.53441099764592,Robbery,8.1,3,LB Nagar,1
17.440012206670776,78.49878595167728,Assault,4.4,20,Secunderabad,1
17.419401136806375,78.33705834957944,Theft,4.7,21,Nanakramguda,1
17.446798641286037,78.50789505951984,Robbery,4.2,16,Secunderabad,0
17.289789383213314,78.52470111428964,Chain Snatching,8.9,13,Unknown,0
17.348974328161702,78.55620245839405,Chain Snatching,8.3,14,LB Nagar,0
17.432567147719716,78.4926730305896,Assault,8.9,12,Secunderabad,0
17.42279753832083,78.41479759402863,Chain Snatching,3.9,21,Jubilee Hills,1
17.507054256915037,78.34422022019582,Pickpocketing,7.6,5,Miyapur,1
17.380078551085415,78.44505227126366,Drug Offense,7.0,5,Mehdipatnam,1
17.535591914101936,78.53784758765455,Drug Offense,3.7,19,Unknown,0
17.52193279226722,78.45662479989319,Eve Teasing,8.2,15,Unknown,0
17.43384687597736,78.38473134816545,Robbery,9.8,11,Hitech City,0
17.366382230331503,78.47257038784096,Robbery,8.7,7,Charminar,0
17.248254660071886,78.48469034040906,Vandalism,6.5,21,Unknown,1
17.354145647482973,78.5626654205243,Drug Offense,6.3,16,LB Nagar,0
17.34493095836204,78.5718300374392,Robbery,4.3,13,LB Nagar,0
17.55696133955455,78.46388786435266,Cybercrime,5.4,11,Unknown,0
17.420642617605473,78.35334680941168,Assault,8.2,17,Gachibowli,0
17.373454640557473,78.5099943376637,Pickpocketing,8.9,12,Dilsukhnagar,0
17.43751436359744,78.35494733008764,Chain Snatching,3.3,8,Hitech City,0
17.4848785911378,78.37529524685617,Drug Offense,9.9,11,Miyapur,0
17.203453478614804,78.44327291870121,Pickpocketing,9.1,3,Unknown,1
17.485636185817256,78.63060984233772,Vehicle Theft,3.2,21,Unknown,1
17.384707424742214,78.43462096131321,Assault,9.4,0,Mehdipatnam,1
17.403450982333748,78.46998289665916,Vehicle Theft,5.4,0,Unknown,1
17.44347621594734,78.48059830300491,Vandalism,9.3,23,Secunderabad,1
17.43725572233279,78.47105272214232,Theft,7.0,8,Ameerpet,0
17.260400708681637,78.42633241461354,Assault,2.7,11,Shamshabad,0
17.418353480191193,78.35376979876891,Vandalism,5.0,14,Gachibowli,0
17.375054653164334,78.5145208525284,Cybercrime,2.0,17,Dilsukhnagar,0
17.44330725930227,78.35549096372063,Vandalism,5.2,12,Gachibowli,0
17.41157259118447,78.50979408228528,Eve Teasing,3.5,22,Unknown,1
17.396446169662735,78.39493002053592,Vandalism,3.5,16,Tolichowki,0
17.4437100268356,78.51441753257131,Cybercrime,4.2,13,Secunderabad,0
17.265096191626423,78.53893021220141,Cybercrime,8.5,5,Unknown,1
17.33661162919587,78.56827845205217,Drug Offense,8.3,9,Unknown,0
17.42010454505086,78.35545285293772,Drug Offense,7.7,6,Gachibowli,0
17.41170109378501,78.56719721426482,Vehicle Theft,4.7,18,Uppal,0
17.442904062924704,78.42877751051243,Vandalism,9.2,11,Ameerpet,0
17.356980579679924,78.54657841012497,Eve Teasing,4.9,13,LB Nagar,0
17.577337390638156,78.36817760791907,Robbery,4.5,19,Unknown,0
17.30398241324027,78.4671883103806,Assault,6.1,0,Unknown,1
17.2379742514219,78.40030498867529,Robbery,2.0,17,Shamshabad,0
17.435455154730324,78.35627746051364,Pickpocketing,3.5,0,Hitech City,1
17.402326929068842,78.38278544634382,Chain Snatching,8.4,10,Raidurg,0
17.417296451024804,78.40122919852189,Eve Teasing,3.7,10,Jubilee Hills,0
17.441772824260607,78.37204330900117,Chain Snatching,7.5,19,Hitech City,0
17.43532035837894,78.44766430970792,Theft,7.5,23,Ameerpet,1
17.45777066596871,78.44185721576197,Vandalism,6.1,7,Ameerpet,0
17.33128067271165,78.56730029201768,Vandalism,3.9,22,LB Nagar,1
17.264006320927457,78.39329770687208,Cybercrime,7.0,10,Shamshabad,0
17.442465804930464,78.5216470224321,Chain Snatching,9.5,16,Secunderabad,0
17.36108909808646,78.54904061129209,Eve Teasing,9.7,4,Dilsukhnagar,1
17.416556437111797,78.35638028116927,Eve Teasing,8.8,10,Financial District,0
17.418535288736727,78.40794902020068,Vandalism,3.2,11,Jubilee Hills,0
17.441203229004852,78.36594076304067,Drug Offense,3.0,5,Gachibowli,1
17.45334957137589,78.44357453420803,Chain Snatching,7.3,19,Ameerpet,0
17.40572162374569,78.33764073522298,Chain Snatching,7.4,2,Financial District,1
17.428145107728724,78.32538617003503,Theft,8.0,20,Nanakramguda,1
17.41324882946926,78.41664108378076,Cybercrime,6.7,21,Tolichowki,1
17.537232183397013,78.47148509091943,Eve Teasing,4.0,16,Unknown,0
17.385979642902814,78.55911012854864,Eve Teasing,8.4,11,Uppal,0
17.452658843157355,78.41333477964014,Eve Teasing,8.7,23,Jubilee Hills,1
17.50116416829689,78.6497099990774,Eve Teasing,8.7,10,Unknown,0
17.442311585655123,78.35088295223153,Vandalism,8.0,17,Gachibowli,0
17.41753213825097,78.38589390481276,Eve Teasing,6.8,15,Raidurg,0
17.264314583514388,78.45628835328745,Theft,3.7,5,Unknown,1
17.3735628571983,78.51327867050917,Drug Offense,8.2,0,Dilsukhnagar,1
17.397365595732957,78.42983231438777,Pickpocketing,7.3,6,Tolichowki,0
17.490625705196855,78.36201955687402,Vehicle Theft,4.7,7,Miyapur,0
17.395727568480243,78.33218545946592,Theft,5.2,18,Financial District,0
17.475774386767277,78.36212114138418,Eve Teasing,3.3,18,Miyapur,0
17.396789196876494,78.5415011599062,Pickpocketing,5.4,8,Uppal,0
17.414778030153382,78.43437334081297,Assault,6.4,13,Banjara Hills,0
17.40451031414839,78.33595434818062,Vandalism,6.0,15,Nanakramguda,0
17.38785969399286,78.4097464698912,Chain Snatching,2.5,11,Mehdipatnam,0
17.478030117343586,78.39885275695963,Vandalism,6.2,12,Kukatpally,0
17.436729582595035,78.34136083754312,Eve Teasing,6.4,5,Nanakramguda,1
17.482057184063148,78.57349633609806,Pickpocketing,5.8,5,Unknown,1
17.44917703312399,78.45248013946556,Chain Snatching,6.6,2,Ameerpet,1
17.29633759880661,78.41605423676478,Theft,6.1,2,Unknown,1
17.430261299903,78.38563672078003,Theft,9.2,13,Raidurg,0
17.41584792602712,78.33801328633506,Eve Teasing,4.0,5,Financial District,1
17.351447846070677,78.5322824462893,Drug Offense,8.0,0,Dilsukhnagar,1
17.213699410434742,78.30069319928664,Robbery,2.4,10,Unknown,0
17.351301507859084,78.5728367720357,Chain Snatching,3.3,17,LB Nagar,0
17.370404818278416,78.52562176124526,Cybercrime,2.4,12,Dilsukhnagar,0
17.366046935906144,78.53043704263044,Vehicle Theft,2.2,3,Dilsukhnagar,1
17.36975623093677,78.51313367160733,Vehicle Theft,5.1,12,Dilsukhnagar,0
17.351046181873617,78.4625748982073,Eve Teasing,2.1,11,Charminar,0
17.220578831113485,78.55726654062518,Assault,10.0,17,Unknown,0
17.426185236451417,78.3960315514487,Robbery,2.7,19,Jubilee Hills,0
17.42570596962716,78.44161624899525,Vehicle Theft,8.9,2,Banjara Hills,1
17.445318954735363,78.3864609379128,Vandalism,5.4,18,Hitech City,0
17.40289226520732,78.33400610916203,Theft,3.7,2,Nanakramguda,1
17.393092093088683,78.35158548409579,Pickpocketing,7.2,19,Financial District,0
17.43819309733853,78.36293728054872,Drug Offense,5.9,23,Hitech City,1
17.455198628187144,78.34437686467228,Drug Offense,2.1,7,Gachibowli,0
17.421331100828166,78.46087922897928,Drug Offense,3.3,13,Ameerpet,0
17.396030420583397,78.34836416768199,Cybercrime,9.5,13,Financial District,0
17.255772391211572,78.51546744225297,Assault,8.2,6,Unknown,0
17.485716609226014,78.36213603894468,Vehicle Theft,8.2,17,Miyapur,0
17.39967792117287,78.34324763624734,Assault,8.0,22,Financial District,1
17.391572916024828,78.42627442209236,Eve Teasing,7.1,9,Mehdipatnam,0
17.40844734521483,78.35256526155064,Chain Snatching,6.3,10,Nanakramguda,0
17.417869988824606,78.36118649809616,Cybercrime,2.4,6,Financial District,0
17.49011315394159,78.35579245764053,Pickpocketing,8.0,20,Miyapur,1
17.393403057047443,78.43487753493889,Assault,6.5,16,Banjara Hills,0
17.4270303466948,78.32436535079289,Pickpocketing,6.6,23,Nanakramguda,1
17.352474762269587,78.52550840643356,Eve Teasing,5.6,11,Dilsukhnagar,0
17.44521844087356,78.36219221051061,Theft,3.1,21,Hitech City,1
17.4358298046605,78.5042392501634,Theft,2.9,14,Secunderabad,0
17.52633789758992,78.64637741504387,Theft,2.5,4,Unknown,1
17.39037384815191,78.42575109686874,Assault,6.8,5,Tolichowki,1
17.49036509512344,78.37803399966499,Assault,8.6,14,Miyapur,0
17.264185809984536,78.4274753659362,Vandalism,8.5,16,Shamshabad,0
17.397912879289613,78.34483304097537,Vandalism,9.3,9,Financial District,0
17.370126994609677,78.55171627830046,Eve Teasing,7.5,14,Dilsukhnagar,0
17.428496457521057,78.41759120892236,Assault,7.5,13,Jubilee Hills,0
17.403554464129567,78.54933151038567,Eve Teasing,5.5,17,Uppal,0
17.432000637449594,78.3600007236309,Vandalism,2.8,8,Raidurg,0
17.359227733942173,78.47734533547428,Vehicle Theft,7.4,20,Charminar,1
17.345450584582473,78.5564651957061,Eve Teasing,4.8,11,LB Nagar,0
17.3822582493579,78.42581269200699,Eve Teasing,6.1,16,Tolichowki,0
17.429681435267184,78.64332155338133,Vandalism,6.9,1,Unknown,1
17.23864496217224,78.41328342558259,Assault,3.1,8,Shamshabad,0
17.446300473474032,78.37692589431153,Assault,2.1,14,Raidurg,0
17.25129781384163,78.43911242776592,Robbery,2.6,21,Unknown,1
17.412533915431474,78.41676063544868,Vandalism,2.6,2,Banjara Hills,1
17.44069706486696,78.35559246974053,Drug Offense,2.4,21,Hitech City,1
17.394867503569905,78.41612432520195,Theft,4.3,7,Mehdipatnam,0
17.225223018386178,78.3616576603147,Pickpocketing,8.2,0,Unknown,1
17.25756612913442,78.55002697162863,Assault,3.8,10,Unknown,0
17.42977965998263,78.34202664977066,Vandalism,6.1,18,Financial District,0
17.349571602080736,78.55522064455512,Robbery,5.2,19,LB Nagar,0
17.436847071195036,78.39037308412834,Assault,3.9,22,Raidurg,1
17.389997770520726,78.52810034873036,Assault,8.3,7,Dilsukhnagar,0
17.412635808539296,78.40804161714225,Eve Teasing,7.1,22,Tolichowki,1
17.39496552538316,78.44139950434683,Chain Snatching,8.8,13,Unknown,0
17.382644339426253,78.45082377903806,Drug Offense,3.5,15,Mehdipatnam,0
17.500989068129538,78.34488164325514,Cybercrime,6.2,2,Miyapur,1
17.42543727851329,78.38181307520686,Cybercrime,9.3,2,Raidurg,1
17.304515944696636,78.41793362123613,Cybercrime,3.1,0,Unknown,1
17.468558719388607,78.46444913965657,Eve Teasing,7.8,3,Unknown,1
17.42756347722893,78.4338292079011,Vehicle Theft,4.9,3,Banjara Hills,1
17.27325196067033,78.58065842576745,Cybercrime,8.5,1,Unknown,1
17.514708225853468,78.37280144684134,Assault,5.1,20,Miyapur,1
17.377716156966628,78.4645204452832,Assault,5.8,6,Charminar,0
17.501634853596368,78.38297631267297,Pickpocketing,7.2,18,Miyapur,0
17.50815919694767,78.36987882283742,Assault,5.2,5,Miyapur,1
17.388416033282233,78.42749510120255,Vandalism,7.5,13,Mehdipatnam,0
17.450621304562993,78.45220226201172,Assault,5.5,11,Ameerpet,0
17.397904712649638,78.30800937623987,Vandalism,10.0,0,Unknown,1
17.42832246413775,78.4986609751604,Pickpocketing,4.9,11,Secunderabad,0
17.485221607749697,78.61023569923839,Cybercrime,2.6,2,Unknown,1
17.431938937323853,78.44101752039731,Chain Snatching,9.8,15,Banjara Hills,0
17.369119080347456,78.45525872182932,Vandalism,9.8,1,Charminar,1
17.413900722881902,78.39416497278204,Pickpocketing,6.3,10,Unknown,0
17.402867527388896,78.42378156249988,Eve Teasing,5.8,19,Banjara Hills,0
17.42044082703038,78.4578154670862,Vehicle Theft,6.4,13,Ameerpet,0
17.25370488057392,78.64223108647451,Drug Offense,7.6,0,Unknown,1
17.36490148811977,78.5497587714026,Cybercrime,9.0,21,LB Nagar,1
17.429406048640868,78.3395940020103,Pickpocketing,7.4,6,Nanakramguda,0
17.42787698985742,78.35214485099834,Theft,8.7,3,Nanakramguda,1
17.56116488290514,78.51193545356772,Eve Teasing,4.3,2,Unknown,1
17.423555923399505,78.4995808342014,Chain Snatching,2.1,3,Secunderabad,1
17.587419919454206,78.55162016099226,Cybercrime,5.7,11,Unknown,0
17.45544433471244,78.50672312108576,Eve Teasing,5.3,10,Secunderabad,0
17.525159493463576,78.52119415303589,Drug Offense,9.0,8,Unknown,0
17.302833691013404,78.60989022444483,Assault,9.4,13,Unknown,0
17.347292719535623,78.4824866246522,Pickpocketing,2.6,6,Unknown,0
17.37323377400207,78.53873857747332,Eve Teasing,9.4,12,Dilsukhnagar,0
17.413449857386222,78.43369813909099,Cybercrime,9.1,7,Banjara Hills,0
17.556169135675564,78.36216542711256,Theft,7.8,7,Unknown,0
17.39762392908864,78.44666198522145,Robbery,8.9,18,Mehdipatnam,0
17.280673490544817,78.42295742614591,Robbery,9.5,19,Unknown,0
17.41108648050097,78.40315762608269,Vehicle Theft,3.2,20,Jubilee Hills,1
17.57464079536356,78.55864570828919,Vandalism,9.2,11,Unknown,0
17.410248236478964,78.38112576601675,Vehicle Theft,2.3,1,Raidurg,1
17.439104736534496,78.38349454944604,Robbery,3.8,5,Raidurg,1
17.375369226969287,78.54144642405664,Pickpocketing,3.1,0,Dilsukhnagar,1
17.421248609532853,78.40583419824772,Robbery,6.2,21,Jubilee Hills,1
17.445749124063603,78.3896039575192,Vehicle Theft,9.2,10,Jubilee Hills,0
17.495665327570038,78.38237992569496,Robbery,2.5,17,Kukatpally,0
17.355530462391986,78.55568234860027,Theft,4.1,20,LB Nagar,1
17.42501731446981,78.46057306109714,Chain Snatching,8.3,14,Ameerpet,0
17.413219364819177,78.44756123032609,Assault,6.4,10,Banjara Hills,0
17.42732463486491,78.41755935861023,Vandalism,2.1,20,Banjara Hills,1
17.441027773867944,78.36675631011775,Robbery,5.2,13,Raidurg,0
17.41382213791291,78.41956096389463,Pickpocketing,7.7,12,Banjara Hills,0
17.340473848697332,78.56959429301172,Assault,2.6,14,LB Nagar,0
17.37344853719625,78.49331308292416,Cybercrime,8.5,0,Charminar,1
17.503308763558174,78.34722561428596,Vandalism,3.4,5,Miyapur,1
17.332026721064974,78.57141822532422,Pickpocketing,5.5,23,LB Nagar,1
17.413950852400177,78.4132471752364,Theft,7.7,3,Jubilee Hills,1
17.494319531098036,78.35201792205481,Assault,8.5,15,Miyapur,0
17.42328214269035,78.50462377569275,Pickpocketing,2.3,7,Unknown,0
17.438941045626233,78.36933926578718,Pickpocketing,2.9,15,Hitech City,0
17.433200152937033,78.3892004883558,Pickpocketing,7.4,21,Jubilee Hills,1
17.51539493523144,78.40839869885212,Vandalism,5.1,7,Kukatpally,0
17.374199918317537,78.44406004888208,Drug Offense,6.0,7,Mehdipatnam,0
17.334025368803783,78.53636848371565,Pickpocketing,5.2,4,LB Nagar,1
17.44370704920197,78.50828138009106,Assault,3.1,3,Secunderabad,1
17.413039984007703,78.36587953755428,Vandalism,3.4,17,Raidurg,0
17.43538192828284,78.44141173734066,Eve Teasing,10.0,22,Banjara Hills,1
17.257928853366128,78.53600662469096,Vandalism,6.7,9,Unknown,0
17.358927468052155,78.52492244285916,Eve Teasing,2.0,13,Dilsukhnagar,0
17.40206202385176,78.33099462931533,Vehicle Theft,8.9,15,Nanakramguda,0
17.4097453782239,78.41437673295793,Eve Teasing,4.2,21,Tolichowki,1
17.53030650739667,78.30904694641268,Pickpocketing,5.4,12,Unknown,0
17.435437806798564,78.34549485652535,Robbery,5.9,15,Nanakramguda,0
17.53954126263222,78.4503668998509,Drug Offense,4.3,6,Unknown,0
17.408946087973845,78.33378921445654,Cybercrime,4.8,4,Financial District,1
17.439126198192557,78.42596976427744,Vandalism,8.7,14,Jubilee Hills,0
17.452110411022428,78.37320524919168,Eve Teasing,7.8,12,Hitech City,0
17.249821989608538,78.409536736281,Vehicle Theft,4.0,8,Shamshabad,0
17.46333633053638,78.36874708044961,Vandalism,2.3,2,Hitech City,1
17.39740001317405,78.4327565585927,Robbery,5.0,2,Mehdipatnam,1
17.27002438470547,78.415516715311,Drug Offense,6.0,13,Shamshabad,0
17.29377352708667,78.51270299436544,Drug Offense,3.6,22,Unknown,1
17.386413314020814,78.41079829708195,Drug Offense,4.8,8,Tolichowki,0
17.404848081921234,78.42850982453838,Assault,6.6,8,Banjara Hills,0
17.352361380079863,78.56079244808369,Chain Snatching,9.9,15,LB Nagar,0
17.413600422489267,78.41994998973333,Chain Snatching,4.2,22,Tolichowki,1
17.427235861938126,78.39688509141524,Cybercrime,6.1,13,Raidurg,0
17.420855550039228,78.39197901145583,Chain Snatching,5.2,23,Raidurg,1
17.35176021717817,78.47330123021605,Vehicle Theft,2.6,3,Charminar,1
17.546084755285907,78.37364803541331,Vehicle Theft,4.8,13,Unknown,0
17.422210388739973,78.40305451132924,Drug Offense,7.2,12,Jubilee Hills,0
17.5074607116394,78.40979656893903,Vehicle Theft,6.5,4,Kukatpally,1
17.400563809696294,78.56601718264675,Pickpocketing,9.7,21,Uppal,1
17.432582648287884,78.3961684530528,Assault,5.6,0,Jubilee Hills,1
17.443929687625193,78.38639779710962,Vehicle Theft,3.6,12,Raidurg,0
17.447558553537483,78.36739913176697,Cybercrime,9.9,7,Gachibowli,0
17.398637761696545,78.33781491301805,Robbery,4.5,11,Financial District,0
17.509712131396974,78.36972184137817,Drug Offense,5.6,7,Miyapur,0
17.51365273832886,78.36467933080768,Vehicle Theft,8.2,2,Miyapur,1
17.406993186601756,78.45530383322112,Pickpocketing,6.6,13,Banjara Hills,0
17.35901431263588,78.56744743104639,Eve Teasing,8.4,15,LB Nagar,0
17.436747085098716,78.42838192218666,Robbery,4.2,21,Ameerpet,1
17.49666277257883,78.3520076597732,Theft,2.6,3,Miyapur,1
17.372091972447013,78.40261389609202,Chain Snatching,5.4,6,Unknown,0
17.261835223657155,78.38889510815065,Eve Teasing,2.7,8,Shamshabad,0
17.432512541314644,78.51104442111594,Assault,9.1,5,Secunderabad,1
17.490452997282528,78.35782684070377,Theft,7.5,3,Miyapur,1
17.448862470620103,78.4291321682285,Vehicle Theft,6.8,5,Ameerpet,1
17.489094545894226,78.34608251176125,Assault,8.1,3,Miyapur,1
17.270175485737553,78.46025109800973,Theft,5.3,6,Unknown,0
17.446746812154718,78.45752146819527,Cybercrime,9.4,0,Ameerpet,1
17.510045447591455,78.38390560665485,Vandalism,4.0,10,Kukatpally,0
17.35030492373001,78.55710412521077,Pickpocketing,2.3,0,LB Nagar,1
17.301603246252267,78.64581785235299,Assault,3.6,17,Unknown,0
17.425339252677993,78.36072601331324,Robbery,4.3,22,Gachibowli,1
17.3165725205285,78.6176712411484,Robbery,7.1,4,Unknown,1
17.356039695578918,78.46306229631696,Cybercrime,6.5,11,Charminar,0
17.457044467213368,78.44787081541766,Vandalism,6.9,15,Ameerpet,0
17.385468339635416,78.40764904477213,Vandalism,8.4,14,Tolichowki,0
17.40074086363056,78.35799758535593,Cybercrime,8.2,20,Nanakramguda,1
17.37899338001432,78.52010843930633,Vandalism,3.8,20,Dilsukhnagar,1
17.435030323037697,78.384937168115,Chain Snatching,7.3,8,Raidurg,0
17.444870182792837,78.3794025518307,Vehicle Theft,7.2,18,Hitech City,0
17.392903770777256,78.47310815511037,Vandalism,7.7,2,Unknown,1
17.44124648411011,78.48167681768355,Chain Snatching,6.0,8,Secunderabad,0
17.392521578110333,78.4115955445564,Theft,8.6,5,Mehdipatnam,1
17.250203152722705,78.38941664869597,Robbery,6.4,17,Unknown,0
17.41732632274037,78.55729007862756,Assault,2.2,11,Uppal,0
17.493030922398994,78.46753010899778,Eve Teasing,4.0,8,Unknown,0
17.24912449063891,78.45578484044921,Vehicle Theft,8.6,2,Unknown,1
17.377639561371147,78.55052481463042,Cybercrime,9.0,5,Dilsukhnagar,1
17.493693976435935,78.37125198649318,Pickpocketing,4.8,1,Miyapur,1
17.257720425867817,78.42114211355977,Vandalism,4.7,7,Shamshabad,0
17.438845778912384,78.49124366042217,Pickpocketing,5.3,2,Secunderabad,1
17.388917360077517,78.4448146504812,Chain Snatching,4.8,0,Mehdipatnam,1
17.488105167946916,78.39910038594668,Pickpocketing,9.7,10,Kukatpally,0
17.421630560975764,78.35863071318894,Chain Snatching,2.6,2,Gachibowli,1
17.408144678911746,78.57024696397247,Eve Teasing,9.1,12,Uppal,0
17.394580131405196,78.43273317251843,Cybercrime,8.9,2,Banjara Hills,1
17.353358895739927,78.54279630801702,Assault,9.4,21,LB Nagar,1
17.38300636973485,78.42439453839128,Vehicle Theft,2.5,11,Tolichowki,0
17.404305616715774,78.4395105874724,Chain Snatching,3.4,16,Mehdipatnam,0
17.34547264384819,78.47326287585796,Robbery,5.6,23,Unknown,1
17.380467631357718,78.56655242017256,Vehicle Theft,8.9,23,Uppal,1
17.495597691267193,78.36363106207918,Robbery,3.9,1,Miyapur,1
17.308906862907165,78.61340773795955,Theft,6.0,14,Unknown,0
17.423000776437192,78.44749997128373,Cybercrime,6.3,7,Ameerpet,0
17.48278055296491,78.35708223970575,Cybercrime,7.3,22,Miyapur,1
17.41740173575249,78.38633236418991,Vehicle Theft,9.1,19,Raidurg,0
17.248193553290186,78.41867343736727,Drug Offense,9.3,18,Shamshabad,0
17.205379198293585,78.31802468637764,Vandalism,3.5,0,Unknown,1
17.37013220759119,78.5634215386955,Cybercrime,9.9,20,Unknown,1
17.455664985637128,78.33633368272051,Cybercrime,8.5,17,Gachibowli,0
17.43062431604167,78.3357343745329,Robbery,9.4,18,Nanakramguda,0
17.373108392474432,78.5173938678293,Vehicle Theft,9.1,5,Dilsukhnagar,1
17.442303361836935,78.41963301062363,Chain Snatching,3.9,2,Jubilee Hills,1
17.372436009797777,78.46038629723141,Pickpocketing,9.4,6,Charminar,0
17.502019885771386,78.41285366085772,Eve Teasing,7.7,1,Kukatpally,1
17.40759032541065,78.40014156756494,Theft,6.3,4,Tolichowki,1
17.431174819278308,78.42738016556044,Robbery,6.4,7,Banjara Hills,0
17.3980229987012,78.40663632835545,Robbery,3.2,23,Tolichowki,1
17.596630392456653,78.31593874030445,Vandalism,6.4,0,Unknown,1
17.447766378835045,78.45144092022429,Drug Offense,3.1,9,Ameerpet,0
17.39511807191594,78.41686601497267,Theft,8.9,12,Unknown,0
17.42620879866606,78.37090801888071,Vandalism,3.6,2,Raidurg,1
17.451615619918897,78.35155937924127,Theft,2.0,21,Gachibowli,1
17.42540831826238,78.34190759035602,Cybercrime,7.5,7,Financial District,0
17.43310017058885,78.45992263944123,Cybercrime,5.2,15,Ameerpet,0
17.39494662057518,78.54756510002589,Assault,7.1,10,Uppal,0
17.434566617406695,78.46500582278532,Eve Teasing,6.1,21,Unknown,1
17.272655086053952,78.39800914493202,Robbery,2.1,8,Shamshabad,0
17.59842076322075,78.5055002133087,Robbery,2.9,18,Unknown,0
17.464444968452455,78.3958681395527,Drug Offense,8.8,9,Unknown,0
17.382341757897567,78.56566936569592,Robbery,8.0,5,Uppal,1
17.398503409864148,78.33594068688653,Assault,2.8,4,Financial District,1
17.414612061748773,78.3410456853904,Drug Offense,9.3,16,Nanakramguda,0
17.45100396585504,78.39560138838571,Assault,3.6,19,Hitech City,0
17.413037468132107,78.43888135509573,Eve Teasing,6.7,2,Banjara Hills,1
17.563152563954137,78.4859957719774,Assault,9.5,11,Unknown,0
17.489556927336434,78.40612651997972,Robbery,9.2,13,Kukatpally,0
17.44239271357678,78.51268258441662,Chain Snatching,9.0,18,Secunderabad,0
17.38022969657563,78.56878357580159,Vandalism,3.2,13,Uppal,0
17.357311264970985,78.58435755268735,Theft,7.1,18,Unknown,0
17.441618764962772,78.51861233874166,Cybercrime,4.0,9,Secunderabad,0
17.466155658328315,78.38581036208909,Vandalism,8.3,7,Unknown,0
17.34549838345552,78.54024062941707,Pickpocketing,4.5,0,LB Nagar,1
17.490936573424545,78.38145624490276,Vehicle Theft,7.2,0,Kukatpally,1
17.501848433868076,78.41271252932512,Drug Offense,3.1,15,Kukatpally,0
17.460157045912737,78.49459515010442,Theft,8.0,7,Secunderabad,0
17.400805608250504,78.35423038902178,Chain Snatching,8.0,6,Financial District,0
17.45303493517796,78.40696692839452,Vehicle Theft,4.1,11,Jubilee Hills,0
17.385304940736354,78.51643160972125,Robbery,7.9,0,Dilsukhnagar,1
17.549804301790417,78.62406202487102,Assault,7.9,6,Unknown,0
17.41670815862795,78.36272552147808,Pickpocketing,6.5,7,Raidurg,0
17.427193610549324,78.50476441918879,Assault,8.1,12,Unknown,0
17.40352117461965,78.63001123210445,Chain Snatching,6.9,0,Unknown,1
17.40632909254459,78.55106450688729,Robbery,5.7,2,Uppal,1
17.451242355377804,78.3668658640558,Vandalism,8.4,12,Hitech City,0
17.342363815542047,78.47973375522008,Vandalism,8.4,9,Charminar,0
17.398716233236776,78.4204249412082,Pickpocketing,2.9,10,Mehdipatnam,0
17.44895540848708,78.44752803733789,Pickpocketing,8.6,14,Ameerpet,0
17.407525414955472,78.38693899265951,Robbery,4.9,23,Raidurg,1
17.41830478910865,78.42600552614826,Eve Teasing,5.4,10,Banjara Hills,0
17.409670649903767,78.43329124709845,Eve Teasing,8.6,21,Mehdipatnam,1
17.337874667946178,78.54665245372261,Pickpocketing,5.4,16,LB Nagar,0
17.410325022352993,78.34422400320584,Theft,2.2,12,Nanakramguda,0
17.45915511661198,78.49666899946708,Vandalism,5.8,2,Unknown,1
17.539712372757332,78.34476008846572,Cybercrime,8.4,16,Unknown,0
17.4858879826646,78.37030693378529,Eve Teasing,9.6,14,Miyapur,0
17.45911918231893,78.49894262193406,Eve Teasing,3.0,11,Secunderabad,0
17.408980892316546,78.41915125712798,Eve Teasing,2.8,8,Tolichowki,0
17.39980755128013,78.42979065343866,Drug Offense,4.6,5,Tolichowki,1
17.451650615867027,78.38882381146762,Robbery,6.4,4,Hitech City,1
17.43800997419986,78.4937886234874,Drug Offense,4.5,17,Secunderabad,0
17.403810054966993,78.56216888650783,Eve Teasing,6.2,23,Uppal,1
17.393016102886847,78.41680253131904,Theft,8.9,0,Tolichowki,1
17.417069136914964,78.35117065951952,Pickpocketing,9.0,21,Financial District,1
17.358636218370147,78.48258892915572,Chain Snatching,7.9,5,Charminar,1
17.27912014473214,78.51625698376243,Chain Snatching,2.8,8,Unknown,0
17.404011784621108,78.33226174624356,Assault,2.6,11,Financial District,0
17.41072324058138,78.3955543581718,Assault,3.3,20,Tolichowki,1
17.346226911615563,78.573152862886,Eve Teasing,4.5,16,LB Nagar,0
17.428901098349613,78.36303907907379,Vandalism,8.1,22,Gachibowli,1
17.411442711174153,78.4094952905679,Eve Teasing,8.9,1,Jubilee Hills,1
17.447466279503793,78.37667080767802,Drug Offense,9.3,10,Hitech City,0
17.328489903521916,78.6155449990085,Chain Snatching,7.2,4,Unknown,1
17.315101937400765,78.52169742398755,Vehicle Theft,3.9,1,Unknown,1
17.436995217711942,78.36681179036313,Pickpocketing,9.2,12,Hitech City,0
17.411905606050222,78.5448259914571,Assault,3.4,1,Uppal,1
17.43797360181533,78.3411929785924,Robbery,3.7,4,Nanakramguda,1
17.503113579912565,78.36267157295197,Drug Offense,4.2,0,Miyapur,1
17.415216272807523,78.38542180564308,Drug Offense,9.8,11,Raidurg,0
17.415249650580474,78.34574078218027,Chain Snatching,4.0,15,Financial District,0
17.363103947457837,78.56393088854689,Eve Teasing,2.7,16,LB Nagar,0
17.415465003821513,78.42347686783776,Cybercrime,3.6,15,Tolichowki,0
17.58466785673532,78.48903277083471,Chain Snatching,3.7,6,Unknown,0
17.48213010087359,78.41695268146736,Robbery,2.6,5,Kukatpally,1
17.514161082023463,78.4105634689958,Pickpocketing,2.5,4,Kukatpally,1
17.506337083400282,78.36933749354021,Pickpocketing,4.6,11,Miyapur,0
17.44391751250687,78.48307272518872,Assault,4.8,4,Secunderabad,1
17.416534496866248,78.45543371388025,Robbery,9.3,14,Ameerpet,0
17.394076371578645,78.42753182539397,Cybercrime,3.6,2,Tolichowki,1
17.49060028196858,78.3913191410532,Pickpocketing,7.3,13,Kukatpally,0
17.438038193820407,78.48077827676435,Eve Teasing,4.1,3,Secunderabad,1
17.43931724375553,78.45772530535486,Cybercrime,9.4,4,Ameerpet,1
17.418375487160603,78.41418357836555,Theft,3.3,18,Banjara Hills,0
17.406780513774265,78.34746863834921,Vandalism,5.4,23,Financial District,1
17.40432593592716,78.43915299786185,Drug Offense,7.2,22,Mehdipatnam,1
17.462601277070814,78.41475441993114,Assault,8.9,1,Unknown,1
17.422870181729177,78.4144255401385,Pickpocketing,6.9,18,Banjara Hills,0
17.344257120645405,78.46052396784982,Drug Offense,9.4,20,Charminar,1
17.45785776833457,78.45061188794902,Pickpocketing,6.4,4,Ameerpet,1
17.395755736691623,78.4141641607648,Vandalism,3.8,23,Tolichowki,1
17.392766622848626,78.40404061607055,Robbery,8.0,6,Tolichowki,0
17.35149834436865,78.5649716320365,Chain Snatching,3.9,0,LB Nagar,1
17.363416418889635,78.49194331454427,Cybercrime,5.9,23,Charminar,1
17.483110081535067,78.3900365939511,Eve Teasing,8.8,22,Kukatpally,1
17.483669545918435,78.58570332882812,Chain Snatching,7.0,10,Unknown,0
17.49359188314662,78.36698800369042,Pickpocketing,4.1,0,Miyapur,1
17.346491861247575,78.47175851347414,Cybercrime,4.2,6,Charminar,0
17.398512869695118,78.54926319205975,Drug Offense,4.1,21,Uppal,1
17.36331583756301,78.54770759123973,Vehicle Theft,4.4,7,Dilsukhnagar,0
17.572868930575236,78.39210710020662,Pickpocketing,3.6,14,Unknown,0
17.386203206858518,78.55387059659076,Pickpocketing,3.2,22,Uppal,1
17.373240614719005,78.59193322742175,Chain Snatching,2.7,21,Unknown,1
17.386225364225663,78.3995157415296,Theft,7.0,3,Tolichowki,1
17.33683119912126,78.5461281889239,Eve Teasing,6.7,5,LB Nagar,1
17.450640462035704,78.38988037209957,Theft,5.3,6,Hitech City,0
17.39067456886791,78.40309966736194,Drug Offense,6.0,12,Tolichowki,0
17.44324709649883,78.49158554409858,Vehicle Theft,5.1,11,Secunderabad,0
17.515318873117717,78.35983832734654,Pickpocketing,3.1,21,Miyapur,1
17.327970557005546,78.5617511986809,Pickpocketing,3.3,12,LB Nagar,0
17.40166579470887,78.44838260383244,Eve Teasing,5.1,2,Mehdipatnam,1
17.432146166216565,78.39509653242895,Robbery,3.9,0,Raidurg,1
17.41317574243248,78.3311275316077,Theft,5.3,9,Nanakramguda,0
17.31667866335936,78.33787243006,Robbery,5.6,18,Unknown,0
17.475773539379944,78.35585034969526,Theft,5.6,1,Miyapur,1
17.34254367230316,78.57213827224832,Cybercrime,7.2,18,LB Nagar,0
17.512093314100458,78.47363891692882,Chain Snatching,3.7,9,Unknown,0
17.460176095389144,78.49437901915138,Drug Offense,2.1,2,Secunderabad,1
17.428369488035028,78.42142915643961,Vandalism,8.3,22,Banjara Hills,1
17.48483420091096,78.3465737336118,Drug Offense,4.6,1,Miyapur,1
17.21664215207152,78.42632756324778,Eve Teasing,6.5,16,Unknown,0
17.450838110449503,78.38834819248908,Eve Teasing,2.3,5,Hitech City,1
17.49751177549947,78.40345793080976,Assault,5.5,0,Kukatpally,1
17.450463445773156,78.361533551119,Robbery,3.2,16,Unknown,0
17.394685363689504,78.45422330623698,Drug Offense,6.4,23,Mehdipatnam,1
17.447982083680035,78.46431880377177,Theft,8.2,16,Ameerpet,0
17.43607010581793,78.45553288508955,Robbery,7.9,9,Ameerpet,0
17.43272330508279,78.49484016465142,Pickpocketing,7.1,15,Secunderabad,0
17.414180100923495,78.43438834632461,Chain Snatching,9.4,15,Banjara Hills,0
17.42620857389795,78.31968846237214,Pickpocketing,4.7,19,Unknown,0
17.42992787672631,78.50121327169342,Drug Offense,2.1,3,Secunderabad,1
17.4984814188776,78.3709309050344,Theft,8.8,13,Miyapur,0
17.447812364788582,78.50687707052937,Assault,9.1,21,Secunderabad,1
17.376793150101857,78.42849653770274,Assault,9.7,20,Unknown,1
17.49392583086975,78.36919272873934,Chain Snatching,4.3,6,Miyapur,0
17.438757271507402,78.50645749102395,Cybercrime,9.4,16,Secunderabad,0
17.42610167694588,78.42293554421433,Chain Snatching,3.6,13,Unknown,0
17.370311743247417,78.51215981810442,Vandalism,7.4,0,Dilsukhnagar,1
17.555991094048206,78.35832571352863,Cybercrime,3.5,12,Unknown,0
17.379618150294117,78.47357529179463,Assault,4.3,8,Charminar,0
17.422275615944507,78.3944602981629,Pickpocketing,8.8,13,Jubilee Hills,0
17.446079916497897,78.47590157236398,Eve Teasing,6.5,5,Unknown,1
17.335281160160896,78.53257004938004,Eve Teasing,8.7,13,LB Nagar,0
17.36975215736343,78.51838780506773,Pickpocketing,3.3,15,Dilsukhnagar,0
17.350833102681865,78.47225268792029,Robbery,3.7,2,Charminar,1
17.42914984331197,78.49028545190333,Eve Teasing,4.1,21,Secunderabad,1
17.4425690329763,78.33776756184618,Assault,6.7,5,Gachibowli,1
17.41628557541332,78.40216544248972,Eve Teasing,9.4,6,Jubilee Hills,0
17.406987757817145,78.34995917721083,Pickpocketing,8.0,0,Financial District,1
17.46115844862592,78.39479558781909,Assault,8.3,5,Unknown,1
17.50524031342065,78.36151478817148,Robbery,8.0,17,Miyapur,0
17.265264395604508,78.3162797655479,Drug Offense,6.4,18,Unknown,0
17.426675745019185,78.38815796099664,Robbery,3.6,20,Jubilee Hills,1
17.4511580347995,78.39605427847722,Drug Offense,9.4,3,Jubilee Hills,1
17.439158732978324,78.369552696864,Robbery,6.6,12,Hitech City,0
17.440679697509957,78.48861529486659,Chain Snatching,2.4,8,Unknown,0
17.364709567840126,78.51268048760596,Assault,3.0,13,Dilsukhnagar,0
17.566097549126418,78.54643417047657,Drug Offense,7.5,20,Unknown,1
17.449981981772495,78.48701885408998,Vehicle Theft,4.2,2,Secunderabad,1
17.244950126542502,78.39795494084504,Vehicle Theft,9.1,4,Shamshabad,1
17.421187095946866,78.44222146362772,Eve Teasing,8.6,8,Ameerpet,0
17.41276916377658,78.5470325378675,Pickpocketing,8.9,19,Uppal,0
17.39303068837765,78.4547648857642,Theft,9.3,22,Mehdipatnam,1
17.350426725978288,78.53008014098712,Pickpocketing,7.4,23,Dilsukhnagar,1
17.51400389950231,78.36316304622859,Cybercrime,7.5,2,Miyapur,1
17.452152889912103,78.40363791717692,Assault,3.3,19,Unknown,0
17.405601498797317,78.33950252325423,Eve Teasing,3.9,12,Nanakramguda,0
17.43556781220299,78.36856185140137,Pickpocketing,5.6,22,Raidurg,1
17.385502689586726,78.57181076354476,Vandalism,6.3,1,Uppal,1
17.395494190051448,78.543369345456,Chain Snatching,2.3,1,Uppal,1
17.50200815235254,78.3535936743683,Eve Teasing,5.8,11,Miyapur,0
17.45618628676062,78.45116036003739,Chain Snatching,4.6,13,Ameerpet,0
17.425169796238393,78.34655785747455,Eve Teasing,7.7,0,Nanakramguda,1
17.41948281679941,78.42152075198987,Vandalism,7.2,21,Tolichowki,1
17.42523850652533,78.38328063094424,Vehicle Theft,2.5,16,Hitech City,0
17.364300641655863,78.51742670837797,Drug Offense,3.5,20,Dilsukhnagar,1
17.388202423434322,78.42865780466545,Pickpocketing,8.0,1,Unknown,1
17.406855631362564,78.41088789667442,Vehicle Theft,2.6,4,Tolichowki,1
17.40904083637057,78.39304680247575,Vandalism,4.8,0,Tolichowki,1
17.32424141729709,78.54622719569103,Eve Teasing,5.0,2,LB Nagar,1
17.455161695385556,78.44536220568898,Drug Offense,2.6,3,Ameerpet,1
17.328774431815127,78.3395757563963,Assault,8.0,15,Unknown,0
17.427560224971018,78.35698077490547,Pickpocketing,2.2,23,Financial District,1
17.38968975417094,78.5320864148442,Vandalism,8.4,8,Dilsukhnagar,0
17.381385684160463,78.41875995968465,Eve Teasing,9.7,18,Tolichowki,0
17.41308615875289,78.42485380952387,Assault,6.0,20,Tolichowki,1
17.44612536091041,78.36303339106274,Robbery,6.6,2,Hitech City,1
17.4134099967659,78.5681662565037,Assault,2.8,23,Uppal,1
17.45818559673913,78.36221659232451,Vehicle Theft,8.7,22,Gachibowli,1
17.256158362905275,78.40987580732774,Pickpocketing,2.1,6,Shamshabad,0
17.410071978705083,78.40109754704486,Robbery,6.3,11,Jubilee Hills,0
17.398342638297432,78.43167122942866,Drug Offense,8.3,16,Tolichowki,0
17.39898283932579,78.43710015619476,Assault,5.9,9,Tolichowki,0
17.43223483539835,78.45282465152839,Vehicle Theft,6.3,19,Unknown,0
17.357102973608573,78.52146785839138,Chain Snatching,4.6,8,Dilsukhnagar,0
17.431735507517434,78.49049082563008,Robbery,2.8,17,Secunderabad,0
17.500951987072895,78.3932339108392,Theft,6.1,19,Kukatpally,0
17.320650773105545,78.57795323498446,Theft,6.3,23,Unknown,1
17.45398191851034,78.50648190982777,Vehicle Theft,4.8,12,Secunderabad,0
17.429868056097398,78.44232464363141,Drug Offense,9.9,11,Banjara Hills,0
17.427535461509187,78.39347542793622,Robbery,9.2,2,Hitech City,1
17.273060808108774,78.40363299667762,Vehicle Theft,6.4,2,Shamshabad,1
17.562229130886003,78.35275722555572,Eve Teasing,9.6,20,Unknown,1
17.4052011877345,78.42822500946916,Drug Offense,3.0,17,Mehdipatnam,0
17.511636668582764,78.359670657416,Robbery,4.9,6,Miyapur,0
17.44161189611866,78.51748684117328,Chain Snatching,7.7,16,Secunderabad,0
17.367981435445447,78.46501033127015,Vandalism,7.1,14,Charminar,0
17.4010158908663,78.32980829504807,Vandalism,3.0,9,Nanakramguda,0
17.380637744431702,78.44796481511746,Assault,3.0,23,Mehdipatnam,1
17.3831319198653,78.53823652168734,Vandalism,4.1,5,Dilsukhnagar,1
17.4371944349095,78.39026601067262,Robbery,7.7,0,Jubilee Hills,1
17.409622109628824,78.3901928166845,Vehicle Theft,2.7,18,Raidurg,0
17.414538459488845,78.42852682385447,Pickpocketing,5.9,13,Tolichowki,0
17.395621323590323,78.43013686426778,Theft,9.1,13,Mehdipatnam,0
17.449364295642884,78.44716622283877,Vehicle Theft,7.4,14,Unknown,0
17.25745652176764,78.38738391148597,Drug Offense,9.7,2,Shamshabad,1
17.487815246251664,78.38090869830657,Eve Teasing,4.0,15,Kukatpally,0
17.456350594830415,78.34865728091845,Pickpocketing,5.8,10,Gachibowli,0
17.368213881178445,78.48978266562767,Cybercrime,8.9,22,Charminar,1
17.424161997784577,78.34786699645214,Vandalism,7.4,7,Financial District,0
17.429991963486035,78.44874090249537,Cybercrime,4.9,13,Ameerpet,0
17.398754564824007,78.42051679498701,Drug Offense,4.5,16,Banjara Hills,0
17.412464611284687,78.4070745176882,Assault,4.6,6,Jubilee Hills,0
17.587998744879066,78.61460055657606,Cybercrime,5.4,4,Unknown,1
17.40906270636535,78.42188950441391,Vehicle Theft,4.9,7,Tolichowki,0
17.485913216063818,78.37274316712971,Chain Snatching,8.7,20,Miyapur,1
17.434360752425253,78.4762847224413,Vandalism,8.0,11,Secunderabad,0
17.211975481397523,78.36904559057422,Assault,4.8,7,Unknown,0
17.43857173845804,78.34030947256056,Drug Offense,5.1,6,Nanakramguda,0
17.430741064608625,78.4450542798027,Theft,3.1,0,Banjara Hills,1
17.35546662457171,78.48178392421657,Theft,8.8,9,Charminar,0
17.206595169939607,78.60135396664087,Chain Snatching,3.7,16,Unknown,0
17.210944800927926,78.30318949609325,Pickpocketing,4.7,4,Unknown,1
17.26191096245575,78.41645312142685,Assault,4.3,21,Shamshabad,1
17.36659784863711,78.51514593663293,Robbery,7.4,21,Dilsukhnagar,1
17.26379804627738,78.41063039313687,Chain Snatching,8.4,8,Shamshabad,0
17.573052532179787,78.55998933457009,Chain Snatching,7.2,1,Unknown,1
17.45329600530024,78.33117772124145,Theft,7.7,20,Unknown,1
17.402621068457204,78.38579001733547,Chain Snatching,6.4,8,Raidurg,0
17.340114338398994,78.54753686503344,Vandalism,6.3,10,LB Nagar,0
17.488558181549127,78.3539770997857,Theft,3.2,11,Miyapur,0
17.216909092295257,78.31087535822212,Drug Offense,5.2,17,Unknown,0
17.261816327316335,78.57756180511527,Assault,6.8,10,Unknown,0
17.535682189565176,78.32470170111372,Chain Snatching,2.1,20,Unknown,1
17.351749386192566,78.4912506881442,Robbery,6.4,15,Charminar,0
17.416710024652147,78.62872450165514,Chain Snatching,3.0,7,Unknown,0
17.45316328263176,78.35173654449825,Vandalism,7.9,14,Gachibowli,0
17.439661812854137,78.42547855026706,Theft,6.5,1,Jubilee Hills,1
17.422949589010667,78.33939901145519,Robbery,6.2,15,Gachibowli,0
17.342812152093718,78.56958642029876,Vehicle Theft,4.3,11,LB Nagar,0
17.226891422896124,78.58601811059647,Cybercrime,7.7,17,Unknown,0
17.236258778570555,78.52169206004399,Chain Snatching,4.1,23,Unknown,1
17.462257637295682,78.3794910904715,Assault,3.1,13,Hitech City,0
17.42925860122873,78.36138177242714,Chain Snatching,7.8,17,Hitech City,0
17.434858296088983,78.40036064041333,Vandalism,7.5,15,Jubilee Hills,0
17.436971984002202,78.39837177779518,Eve Teasing,4.2,13,Jubilee Hills,0
17.445026229929212,78.36409710846182,Vehicle Theft,6.9,8,Gachibowli,0
17.299986852436664,78.33324911864548,Eve Teasing,8.5,1,Unknown,1
17.21910513437881,78.5515635514702,Assault,9.6,0,Unknown,1
17.398126072392632,78.5673537702226,Chain Snatching,3.3,15,Uppal,0
17.251102396768527,78.54978198599214,Assault,3.4,21,Unknown,1
17.43244730063328,78.35763262780507,Cybercrime,4.5,22,Hitech City,1
17.423029099605383,78.43147263085888,Cybercrime,8.0,23,Ameerpet,1
17.364824051644586,78.5189956105805,Eve Teasing,5.4,6,Dilsukhnagar,0
17.374057839131584,78.42282904636583,Chain Snatching,9.5,19,Mehdipatnam,0
17.38437667576338,78.56415088411332,Theft,9.6,18,Uppal,0
17.42032829411553,78.6281216019225,Assault,6.0,14,Unknown,0
17.39618309542077,78.56717372545853,Robbery,7.3,5,Uppal,1
17.43511850326872,78.41318837674064,Pickpocketing,3.1,9,Jubilee Hills,0
17.443973763948584,78.51998691725942,Pickpocketing,7.7,14,Secunderabad,0
17.432371311623427,78.44002338598791,Theft,8.6,13,Ameerpet,0
17.45224045321897,78.4419101740451,Eve Teasing,4.4,0,Ameerpet,1
17.433099651770835,78.34821996888704,Vandalism,2.7,11,Nanakramguda,0
17.45795828222382,78.37415573446009,Drug Offense,8.2,17,Hitech City,0
17.21167357141967,78.32820406015522,Theft,6.0,18,Unknown,0
17.43463255173499,78.4289273202471,Vandalism,5.9,8,Ameerpet,0
17.397118546409818,78.4105709461214,Pickpocketing,9.7,7,Tolichowki,0
17.43328724703702,78.3432312636861,Vehicle Theft,6.4,15,Nanakramguda,0
17.38323543760947,78.42610340059524,Drug Offense,8.8,7,Tolichowki,0
17.347221067122845,78.47202904878749,Drug Offense,7.6,20,Charminar,1
17.40858018021665,78.35634402532554,Assault,2.2,14,Financial District,0
17.39070770906426,78.425776729459,Pickpocketing,3.1,4,Mehdipatnam,1
17.41713655713253,78.44686553102682,Assault,8.5,6,Banjara Hills,0
17.286584244613856,78.52599363239655,Chain Snatching,4.2,6,Unknown,0
17.457869640691197,78.38363919624896,Theft,8.5,15,Hitech City,0
17.3839956122248,78.42587623286296,Robbery,6.1,1,Tolichowki,1
17.41390102541125,78.35985048756382,Theft,7.8,8,Financial District,0
17.437169170425385,78.37690657479506,Vehicle Theft,4.2,5,Hitech City,1
17.374001629661848,78.63876494970216,Vandalism,7.8,22,Unknown,1
17.302779129882445,78.49372334077647,Chain Snatching,2.5,7,Unknown,0
17.249520683929333,78.5144582289879,Assault,9.2,11,Unknown,0
17.324753480028864,78.53777116138998,Theft,3.5,11,Unknown,0
17.263504290683205,78.45080283266194,Chain Snatching,4.0,12,Unknown,0
17.37496477334284,78.46853531910942,Theft,3.1,0,Charminar,1
17.358715464877992,78.53094133495685,Pickpocketing,5.6,1,Dilsukhnagar,1
17.38792112811652,78.4352433155229,Assault,9.1,16,Mehdipatnam,0
17.34526821042487,78.30985288179046,Eve Teasing,7.9,21,Unknown,1
17.241500362262318,78.40583312768611,Pickpocketing,6.0,4,Shamshabad,1
17.402543648365285,78.45276456631692,Eve Teasing,8.8,23,Banjara Hills,1
17.47607535144755,78.31186387110094,Theft,5.3,8,Unknown,0
17.506335660673088,78.382440831498,Pickpocketing,2.6,13,Miyapur,0
17.390688179888492,78.43325381867035,Theft,7.7,9,Tolichowki,0
17.263569123109008,78.39072828012317,Drug Offense,2.3,13,Shamshabad,0
17.442199995660474,78.47509668722778,Theft,2.1,17,Secunderabad,0
17.433910315647122,78.50001041216258,Eve Teasing,8.4,7,Secunderabad,0
17.42419399319148,78.43577399728584,Pickpocketing,7.9,16,Ameerpet,0
17.42237178102737,78.33995502979417,Robbery,3.6,21,Nanakramguda,1
17.45029135105501,78.51650373078043,Robbery,9.0,3,Secunderabad,1
17.402891022209694,78.41220973253114,Cybercrime,2.3,10,Tolichowki,0
17.361955776046194,78.5502932257923,Pickpocketing,9.9,17,Dilsukhnagar,0
17.38389325041564,78.42511590283532,Drug Offense,8.7,10,Tolichowki,0
17.400157961440566,78.35677797436648,Assault,3.9,17,Nanakramguda,0
17.227237501011736,78.32302573803642,Chain Snatching,4.2,23,Unknown,1
17.39849038858099,78.43943801409738,Vandalism,7.1,6,Mehdipatnam,0
17.449683540775833,78.40086915763084,Chain Snatching,2.2,13,Jubilee Hills,0
17.488036220239643,78.41556352034955,Vehicle Theft,3.1,19,Kukatpally,0
17.447598776454946,78.45329334576357,Chain Snatching,4.6,16,Ameerpet,0
17.416959977839195,78.32942741850268,Assault,3.3,8,Financial District,0
17.43991615809012,78.43343304704594,Assault,8.2,22,Ameerpet,1
17.34991414593286,78.53607779848686,Vehicle Theft,3.9,22,LB Nagar,1
17.414047232437124,78.32700584980773,Chain Snatching,5.2,10,Financial District,0
17.503026583783093,78.39180325220796,Chain Snatching,2.5,7,Kukatpally,0
17.408071377895055,78.43341654697859,Vehicle Theft,8.1,23,Mehdipatnam,1
17.44135574708824,78.4263546857297,Drug Offense,3.3,9,Ameerpet,0
17.35679554002616,78.56087961771136,Vehicle Theft,5.7,4,LB Nagar,1
17.37580665925693,78.5119943946769,Cybercrime,4.9,21,Dilsukhnagar,1
17.507090101228364,78.3924665283651,Vandalism,9.5,11,Unknown,0
17.399778836916376,78.56545115815493,Drug Offense,9.8,14,Uppal,0
17.247320540575238,78.5394750170052,Pickpocketing,6.1,2,Unknown,1
17.49719928204661,78.41616304779107,Vandalism,7.1,21,Unknown,1
17.383836350443193,78.54624271683163,Theft,7.5,2,Dilsukhnagar,1
17.210757093040396,78.55222914742583,Drug Offense,8.7,14,Unknown,0
17.399277970238185,78.59720119737331,Cybercrime,5.2,17,Unknown,0
17.44894655150021,78.37572974779498,Cybercrime,4.2,10,Hitech City,0
17.47358698873696,78.40492232122969,Vehicle Theft,5.9,8,Kukatpally,0
17.400545274091204,78.32945747991938,Pickpocketing,7.3,12,Financial District,0
17.35204994550785,78.32091575205652,Vandalism,7.9,17,Unknown,0
17.443312223495152,78.43350509450441,Theft,6.2,12,Ameerpet,0
17.420860892996107,78.43002265810051,Vehicle Theft,8.3,9,Banjara Hills,0
17.53519048853042,78.52838924896683,Robbery,9.1,13,Unknown,0
17.42380928647346,78.45637102302207,Cybercrime,7.7,10,Ameerpet,0
17.595708080274793,78.64387382751937,Theft,3.6,13,Unknown,0
17.416875631949775,78.36496744639247,Pickpocketing,9.4,20,Nanakramguda,1
17.37581512190821,78.53085724942355,Eve Teasing,4.3,4,Dilsukhnagar,1
17.37675089544305,78.56192291997353,Drug Offense,5.0,17,Uppal,0
17.40360353613823,78.36409656294252,Assault,8.8,17,Financial District,0
17.249386399807662,78.39193267397712,Chain Snatching,7.7,9,Shamshabad,0
17.399432195151434,78.33316877682425,Vehicle Theft,9.4,0,Nanakramguda,1
17.405507372288188,78.43475272813467,Cybercrime,8.5,9,Mehdipatnam,0
17.40837103335557,78.55851750202045,Eve Teasing,6.1,1,Uppal,1
17.504927946445644,78.60349964625271,Theft,2.2,0,Unknown,1
17.33418326094436,78.53988554100027,Chain Snatching,5.1,6,LB Nagar,0
17.419693595151855,78.43384762192912,Cybercrime,3.6,1,Banjara Hills,1
17.384202785800916,78.53846734157361,Pickpocketing,3.6,6,Dilsukhnagar,0
17.502023918319903,78.36181173519567,Drug Offense,9.6,3,Miyapur,1
17.504903612083297,78.34938752052761,Robbery,9.3,13,Miyapur,0
17.44372033525669,78.46008607051478,Theft,3.8,19,Ameerpet,0
17.438776628050768,78.51733620475284,Robbery,6.8,22,Secunderabad,1
17.445147308148766,78.43892322603432,Eve Teasing,8.1,20,Ameerpet,1
17.434025076070114,78.38649858360111,Vehicle Theft,6.6,0,Hitech City,1
17.311061825766224,78.48610958676133,Vehicle Theft,4.3,15,Unknown,0
17.362127019459372,78.53270756771633,Pickpocketing,5.9,20,Dilsukhnagar,1
17.302246092587698,78.3225943767491,Pickpocketing,5.6,23,Unknown,1
17.45287310766867,78.46179787312747,Theft,7.0,14,Ameerpet,0
17.449791864213406,78.39741507135086,Chain Snatching,3.5,13,Hitech City,0
17.375208064686433,78.46807144881815,Chain Snatching,5.7,23,Charminar,1
17.491960673168172,78.41489093503448,Drug Offense,3.7,20,Kukatpally,1
17.43481285716749,78.3564076867512,Theft,7.3,11,Gachibowli,0
17.40471062343826,78.41919593171525,Chain Snatching,5.9,6,Banjara Hills,0
17.435599953491828,78.39153238642368,Cybercrime,8.1,23,Jubilee Hills,1
17.40507104545032,78.33450966249947,Cybercrime,7.5,3,Nanakramguda,1
17.478572563127376,78.3665992722798,Chain Snatching,3.8,16,Miyapur,0
17.326472557303372,78.54383082119698,Vandalism,5.9,16,LB Nagar,0
17.255256320596207,78.41974598347798,Robbery,3.9,16,Shamshabad,0
17.236548661130378,78.44774493540697,Vehicle Theft,3.5,1,Unknown,1
17.440272496714183,78.45378635357818,Drug Offense,6.3,20,Ameerpet,1
17.35075287573081,78.54117846663354,Pickpocketing,4.3,16,Dilsukhnagar,0
17.37614368137914,78.41199014318539,Eve Teasing,7.5,8,Tolichowki,0
17.319319086691266,78.34574254414825,Chain Snatching,5.0,16,Unknown,0
17.482980639384916,78.3068953932643,Robbery,7.8,4,Unknown,1
17.342633726432958,78.53067749493604,Chain Snatching,5.8,16,LB Nagar,0
17.425727059771955,78.44487380067359,Pickpocketing,2.7,20,Ameerpet,1
17.507210661553863,78.36189752428275,Drug Offense,6.0,7,Miyapur,0
17.391052450634312,78.57739100579461,Vandalism,7.1,2,Uppal,1
17.356698179551064,78.46302269052973,Drug Offense,7.2,13,Charminar,0
17.411954188649112,78.4164063842185,Chain Snatching,7.7,3,Banjara Hills,1
17.260986657824088,78.51284732682988,Drug Offense,8.0,18,Unknown,0
17.50355362871137,78.34181297036902,Eve Teasing,5.3,6,Unknown,0
17.406841348628525,78.56566736913928,Drug Offense,5.9,15,Uppal,0
17.44469149253444,78.4146065797661,Theft,9.6,3,Jubilee Hills,1
17.513164196406372,78.35883171006202,Robbery,4.6,20,Miyapur,1
17.407586052967513,78.3448946818621,Vehicle Theft,2.5,23,Financial District,1
17.428155319673056,78.3999438169181,Cybercrime,10.0,17,Raidurg,0
17.387365869930665,78.53351642211256,Assault,8.0,0,Dilsukhnagar,1
17.56927537965346,78.56270166122778,Assault,8.6,3,Unknown,1
17.41736432284627,78.39409648552045,Robbery,8.4,16,Jubilee Hills,0
17.42226920087255,78.42836110390117,Vehicle Theft,8.8,22,Jubilee Hills,1
17.489634559597945,78.37783536046868,Vehicle Theft,4.9,18,Miyapur,0
17.418460262858897,78.39442047284932,Vandalism,7.4,6,Jubilee Hills,0
17.433326952668832,78.39983681350184,Drug Offense,4.5,12,Jubilee Hills,0
17.395724508061118,78.44692849501097,Robbery,2.6,11,Mehdipatnam,0
17.460782966669843,78.34218859185114,Cybercrime,6.8,15,Gachibowli,0
17.23712317923388,78.30416817426503,Robbery,3.9,20,Unknown,1
17.398901811024963,78.57262873699065,Vehicle Theft,6.9,9,Uppal,0
17.420831625055314,78.34623502003461,Chain Snatching,3.9,13,Nanakramguda,0
17.43349438095123,78.39575084814722,Cybercrime,3.3,4,Raidurg,1
17.404188640809693,78.43572360257747,Chain Snatching,5.3,17,Banjara Hills,0
17.42514112247987,78.44018332127477,Eve Teasing,4.5,4,Ameerpet,1
17.40794516060773,78.39389512111056,Theft,2.9,14,Raidurg,0
17.39524314302078,78.42711251699158,Robbery,6.4,21,Tolichowki,1
17.405543700936892,78.55196282969438,Vehicle Theft,3.2,5,Uppal,1
17.400405544626107,78.42862483073382,Assault,7.4,17,Tolichowki,0
17.42438296696435,78.38330880010814,Assault,5.1,4,Raidurg,1
17.441205818225615,78.37322522683958,Assault,7.4,16,Hitech City,0
17.372471434644417,78.52948583754336,Vandalism,5.2,6,Dilsukhnagar,0
17.423982985735748,78.32717657542905,Drug Offense,7.3,18,Nanakramguda,0
17.35668020746666,78.47940869832831,Assault,6.0,0,Charminar,1
17.43658006396373,78.46054801000287,Vandalism,9.2,4,Ameerpet,1
17.419393479900187,78.38348655062718,Assault,5.6,8,Raidurg,0
17.410602810887244,78.4237481627332,Theft,4.7,3,Banjara Hills,1
17.413315636268088,78.36679025153923,Pickpocketing,9.1,5,Financial District,1
17.517456178476806,78.36994130957002,Cybercrime,7.8,13,Miyapur,0
17.22696414697322,78.52432940010875,Eve Teasing,8.1,23,Unknown,1
17.433976401029707,78.34515925262889,Vandalism,6.7,3,Nanakramguda,1
17.357130248307303,78.52345410514252,Cybercrime,6.6,13,Dilsukhnagar,0
17.36682035935977,78.48341364656511,Pickpocketing,9.5,10,Charminar,0
17.423464592011793,78.46519558640725,Robbery,7.2,11,Ameerpet,0
17.416715499849442,78.32333147283715,Assault,4.8,23,Nanakramguda,1
17.47807113612386,78.34921521009832,Robbery,5.4,4,Miyapur,1
17.436275673413842,78.49513331992424,Robbery,2.7,5,Secunderabad,1
17.513876786276576,78.37256587324904,Robbery,9.2,12,Miyapur,0
17.24516040781986,78.38801798912743,Vehicle Theft,8.3,6,Shamshabad,0
17.35798474347145,78.56945454023797,Assault,5.9,17,LB Nagar,0
17.387105915770128,78.53392860910067,Chain Snatching,4.0,19,Dilsukhnagar,0
17.437722001124303,78.39889849525987,Assault,6.4,3,Hitech City,1
17.389761876512715,78.57539448858296,Eve Teasing,7.7,10,Uppal,0
17.511715396554912,78.3937440146825,Chain Snatching,6.5,6,Kukatpally,0
17.47433076357485,78.4031850553545,Chain Snatching,8.6,2,Kukatpally,1
17.389825134864104,78.42594114428915,Vandalism,6.1,23,Tolichowki,1
17.29695430546717,78.33551563095405,Eve Teasing,3.2,10,Unknown,0
17.40667432213857,78.32297411057256,Vehicle Theft,8.4,5,Nanakramguda,1
17.41770012237739,78.41607782794743,Eve Teasing,5.2,22,Tolichowki,1
17.49343023869964,78.32902824122306,Assault,8.2,6,Unknown,0
17.261618974111496,78.42961722222267,Cybercrime,9.0,9,Shamshabad,0
17.362811961586825,78.48902348041604,Drug Offense,2.5,6,Charminar,0
17.365855341515857,78.52661850009346,Robbery,2.4,17,Dilsukhnagar,0
17.39684925456027,78.33578163412277,Robbery,2.6,1,Nanakramguda,1
17.39057730026653,78.41541765830915,Pickpocketing,7.6,8,Mehdipatnam,0
17.420347833641983,78.42317945000798,Assault,5.9,13,Banjara Hills,0
17.501208959867313,78.3618402887628,Assault,3.0,20,Miyapur,1
17.423668636499826,78.35365834593847,Assault,6.1,0,Gachibowli,1
17.422131047245323,78.36295521230956,Chain Snatching,5.9,16,Gachibowli,0
17.40175889566427,78.45017096299676,Vandalism,7.1,5,Unknown,1
17.427244902907944,78.34665235779885,Chain Snatching,8.3,0,Financial District,1
17.485846055804913,78.37495182173153,Robbery,8.7,0,Miyapur,1
17.424375818677973,78.36166206360186,Theft,6.7,16,Raidurg,0
17.450775934491336,78.42934630491638,Cybercrime,9.1,11,Ameerpet,0
17.4212281694352,78.33296059302425,Eve Teasing,6.6,4,Nanakramguda,1
17.43013452569926,78.33523969499065,Pickpocketing,6.4,9,Nanakramguda,0
17.404342890185713,78.39511721925689,Vandalism,9.4,8,Tolichowki,0
17.431917186894626,78.42959922585672,Pickpocketing,4.0,11,Jubilee Hills,0
17.39756213092065,78.43078976700254,Drug Offense,8.6,0,Tolichowki,1
17.452058961337304,78.45000280154404,Chain Snatching,3.8,9,Ameerpet,0
17.376016272216564,78.522755559782,Cybercrime,7.7,14,Dilsukhnagar,0
17.486801226600758,78.41496307104305,Pickpocketing,9.5,3,Kukatpally,1
17.555921132576607,78.34035557504716,Eve Teasing,6.8,2,Unknown,1
17.439619483275845,78.37221936512073,Cybercrime,3.8,5,Raidurg,1
17.423835031438767,78.33673652433025,Assault,4.6,4,Nanakramguda,1
17.461183663433722,78.38038819947262,Eve Teasing,8.9,5,Hitech City,1
17.35355335946148,78.56447323964522,Chain Snatching,9.6,22,LB Nagar,1
17.42465009162576,78.48555774752253,Assault,7.3,14,Secunderabad,0
17.384921607380512,78.42591800486375,Chain Snatching,9.6,12,Tolichowki,0
17.44279195900996,78.3301255001906,Assault,7.8,23,Gachibowli,1
17.407315633939785,78.44881725376014,Robbery,6.3,4,Banjara Hills,1
17.242659367759188,78.62851406221006,Assault,2.5,3,Unknown,1
17.556057638936025,78.46493135147115,Robbery,9.7,15,Unknown,0
17.347153130635533,78.48223116010026,Drug Offense,8.2,20,Charminar,1
17.406902101017064,78.42717387548693,Assault,2.8,4,Tolichowki,1
17.445021323850117,78.36788721080481,Chain Snatching,8.7,22,Hitech City,1
17.386306543191214,78.43153307847848,Robbery,2.4,2,Tolichowki,1
17.52670559338271,78.46260533593461,Robbery,6.0,15,Unknown,0
17.512779401882977,78.62259108801229,Eve Teasing,5.1,7,Unknown,0
17.48965949421866,78.39321242097142,Assault,6.1,13,Kukatpally,0
17.357668381413756,78.5615246457963,Assault,8.5,8,LB Nagar,0
17.43611714210014,78.38109446240375,Chain Snatching,5.5,8,Hitech City,0
17.41253115922108,78.34559278555935,Vehicle Theft,4.7,0,Financial District,1
17.41832971639699,78.3722745413567,Pickpocketing,7.5,8,Raidurg,0
17.496317949659538,78.36314134873923,Assault,4.4,2,Miyapur,1
17.364672855390708,78.46414120293254,Assault,6.2,3,Charminar,1
17.505521460553314,78.34758580101955,Assault,5.1,17,Miyapur,0
17.358372673303894,78.46442747403407,Cybercrime,7.5,14,Charminar,0
17.41942959633959,78.42583068428327,Drug Offense,8.0,13,Banjara Hills,0
17.39992102697928,78.42582760832245,Assault,8.8,12,Tolichowki,0
17.42285635335632,78.3456379766148,Chain Snatching,4.5,21,Unknown,1
17.423283298018337,78.32052420214723,Vandalism,6.8,20,Nanakramguda,1
17.43668375111904,78.35256748222733,Theft,2.6,23,Nanakramguda,1
17.395280281088002,78.42400213425887,Chain Snatching,4.7,13,Mehdipatnam,0
17.438183627503278,78.51715994730765,Cybercrime,8.9,1,Unknown,1
17.438577215281754,78.42327367343874,Cybercrime,3.1,18,Jubilee Hills,0
17.409177534426227,78.51230713664178,Vandalism,9.6,7,Unknown,0
17.403495874587616,78.33370114099476,Eve Teasing,5.2,22,Financial District,1
17.415049053196206,78.42358086134598,Assault,2.9,2,Tolichowki,1
17.432442987392566,78.40144972542089,Theft,5.8,20,Raidurg,1
17.422210624465997,78.34810440945257,Cybercrime,3.0,6,Nanakramguda,0
17.440421577662068,78.35893447628952,Cybercrime,4.2,10,Hitech City,0
17.362840639727494,78.47636144389239,Drug Offense,8.0,19,Charminar,0
17.438576627064226,78.44947940210432,Chain Snatching,9.0,9,Ameerpet,0
17.5563159767733,78.32030719008496,Eve Teasing,10.0,23,Unknown,1
17.45214075789467,78.3499495037803,Theft,4.7,4,Gachibowli,1
17.399799566188722,78.57234908298894,Cybercrime,3.3,7,Uppal,0
17.43827346430818,78.36760125876633,Cybercrime,6.2,11,Raidurg,0
17.431751889343847,78.44939716018864,Drug Offense,8.3,19,Ameerpet,0
17.336777657144506,78.32676637142721,Drug Offense,3.5,17,Unknown,0
17.36900120641188,78.52168497290647,Vandalism,2.2,0,Dilsukhnagar,1
17.492771466502788,78.41941516150644,Theft,9.1,0,Kukatpally,1
17.394443152067872,78.34546473252192,Robbery,7.8,19,Financial District,0
17.273909188445117,78.39700905320746,Drug Offense,7.0,2,Shamshabad,1
17.445025233406483,78.3426441617828,Robbery,2.8,11,Gachibowli,0
17.426290778658487,78.37522310127191,Eve Teasing,4.1,7,Raidurg,0
17.492500612159024,78.33175233559257,Pickpocketing,7.8,2,Unknown,1
17.407553458523104,78.44740858437281,Vehicle Theft,3.9,12,Mehdipatnam,0
17.41286524434978,78.43946661592568,Vehicle Theft,4.0,4,Mehdipatnam,1
17.50188242546123,78.3912914951629,Vandalism,6.0,5,Kukatpally,1
17.431097107180797,78.3291006732798,Vehicle Theft,5.3,16,Nanakramguda,0
17.42940922694827,78.40826972073667,Theft,5.1,1,Jubilee Hills,1
17.423656277522284,78.49721277674942,Vandalism,4.3,16,Secunderabad,0
17.354658107658256,78.56791174944945,Chain Snatching,3.9,7,LB Nagar,0
17.267975385090196,78.30153639917344,Vehicle Theft,5.5,12,Unknown,0
17.361960421292714,78.5128443553636,Vehicle Theft,7.3,8,Dilsukhnagar,0
17.361164214083665,78.45150447070688,Vandalism,6.4,19,Charminar,0
17.367921025235827,78.47734989293797,Eve Teasing,7.2,1,Charminar,1
17.433747194579663,78.41632125275434,Vandalism,3.5,12,Jubilee Hills,0
17.461018098426948,78.50146920727789,Cybercrime,7.7,10,Secunderabad,0
17.260457951100765,78.42992697984275,Assault,5.8,21,Shamshabad,1
17.4954207873847,78.35052603274653,Theft,7.8,10,Miyapur,0
17.404293070856124,78.32644722278816,Assault,8.8,21,Financial District,1
17.43349268229824,78.41874965789081,Vehicle Theft,9.5,0,Jubilee Hills,1
17.59146294059559,78.61474891314747,Drug Offense,4.6,21,Unknown,1
17.48541815492566,78.39358646918119,Drug Offense,2.7,5,Kukatpally,1
17.42645680372505,78.49232492020863,Eve Teasing,2.7,10,Secunderabad,0
17.247320310663678,78.42042613201775,Eve Teasing,8.9,8,Shamshabad,0
17.43165083303734,78.36315411847208,Drug Offense,5.5,3,Gachibowli,1
17.420697345920573,78.35422556793321,Eve Teasing,3.9,15,Nanakramguda,0
17.476253713014007,78.59282877551601,Vehicle Theft,3.6,2,Unknown,1
17.43204732087555,78.33712790814258,Vandalism,7.4,5,Gachibowli,1
17.435734149720343,78.3567545905455,Vehicle Theft,3.3,3,Hitech City,1
17.412671339286167,78.35396706464458,Drug Offense,8.5,5,Nanakramguda,1
17.485705588081824,78.51259719151862,Robbery,6.5,11,Unknown,0
17.483086924240382,78.38570628861619,Pickpocketing,2.1,23,Kukatpally,1
17.41803267193128,78.38827131256453,Chain Snatching,2.6,17,Unknown,0
17.42690787856212,78.3530390369281,Drug Offense,3.2,21,Gachibowli,1
17.394542372155236,78.34355206011013,Assault,9.1,13,Nanakramguda,0
17.374099588294744,78.4293505772773,Vandalism,9.8,0,Unknown,1
17.423337727577177,78.40362288156034,Drug Offense,7.0,19,Jubilee Hills,0
17.30796628800575,78.59678720558477,Drug Offense,4.3,14,Unknown,0
17.430747571751986,78.36393111542495,Vandalism,3.0,13,Raidurg,0
17.24395057071297,78.42119426117002,Drug Offense,7.3,13,Shamshabad,0
17.566834733964026,78.31222721892843,Robbery,4.7,16,Unknown,0
17.4570275105664,78.64550705067875,Pickpocketing,3.9,5,Unknown,1
17.553768302020917,78.361147449722,Chain Snatching,5.6,14,Unknown,0
17.431237413477298,78.34813819231228,Pickpocketing,9.6,21,Financial District,1
17.314126457356306,78.33452473875695,Chain Snatching,3.4,3,Unknown,1
17.418811395053748,78.41769453078686,Cybercrime,2.4,19,Tolichowki,0
17.49481800922005,78.34655832438057,Cybercrime,7.5,7,Miyapur,0
17.43587832762536,78.39212163933016,Vandalism,6.6,5,Jubilee Hills,1
17.39069353324212,78.54419971472903,Vehicle Theft,5.0,17,Uppal,0
17.37140433492111,78.5380563148998,Chain Snatching,8.3,16,Dilsukhnagar,0
17.425296032109088,78.35481033855449,Drug Offense,4.8,3,Nanakramguda,1
17.398138690363638,78.40538069219217,Theft,9.8,1,Tolichowki,1
17.366512404750967,78.49277773256483,Cybercrime,9.2,19,Charminar,0
17.43951927739929,78.34496653725887,Drug Offense,6.0,1,Gachibowli,1
17.599723883897003,78.61816147107797,Cybercrime,6.8,18,Unknown,0
17.414572018974507,78.3303828970896,Vehicle Theft,8.3,2,Unknown,1
17.424567744730076,78.36252852320658,Vandalism,4.0,17,Nanakramguda,0
17.429433604305345,78.42740917839582,Cybercrime,6.5,20,Ameerpet,1
17.488334011342634,78.39641784000936,Theft,6.0,9,Kukatpally,0
17.4493260182716,78.45118820481474,Robbery,6.4,4,Ameerpet,1
17.42680495779255,78.37773879741464,Eve Teasing,4.5,14,Hitech City,0
17.40505895971986,78.39191318622501,Theft,4.4,23,Tolichowki,1
17.50315141820786,78.39002743678988,Chain Snatching,8.2,13,Kukatpally,0
17.390093153835664,78.57904573169158,Drug Offense,2.6,11,Uppal,0
17.337139743240918,78.54710680335675,Eve Teasing,9.2,13,LB Nagar,0
17.432947372603188,78.40491627863895,Theft,5.7,14,Unknown,0
17.396455682508243,78.46055865099058,Vehicle Theft,9.4,5,Unknown,1
17.42973020912793,78.43924421973476,Cybercrime,4.5,3,Banjara Hills,1
17.439726220638327,78.48753341706187,Chain Snatching,3.1,8,Secunderabad,0
17.433805445331274,78.43480166055052,Pickpocketing,2.1,21,Ameerpet,1
17.372065088046718,78.47013099340757,Vehicle Theft,8.2,10,Charminar,0
17.326167575321797,78.54712980815053,Robbery,4.5,11,LB Nagar,0
17.28983928009781,78.33417759505181,Vandalism,4.9,13,Unknown,0
17.307001315834302,78.33740170958494,Vandalism,8.5,16,Unknown,0
17.42712523163119,78.44894307321671,Vandalism,4.0,23,Banjara Hills,1
17.483831345229795,78.3836053032578,Vehicle Theft,5.7,8,Kukatpally,0
17.522318396605403,78.39121261471229,Pickpocketing,10.0,19,Unknown,0
17.421074435490308,78.33277250640018,Pickpocketing,5.3,11,Financial District,0
17.403994930025508,78.40620964786606,Chain Snatching,3.6,14,Tolichowki,0
17.33767271195742,78.53643292556912,Cybercrime,7.5,9,LB Nagar,0
17.370940105496373,78.48773425816564,Vandalism,7.6,19,Charminar,0
17.442621692043065,78.41453272751649,Vandalism,5.0,17,Jubilee Hills,0
17.439077736983776,78.37407873903726,Vandalism,3.1,0,Hitech City,1
17.393698698407814,78.34446049130354,Drug Offense,8.0,12,Financial District,0
17.400439822492945,78.3403722863058,Theft,5.0,14,Financial District,0
17.420110510012094,78.40081286822766,Assault,3.7,6,Jubilee Hills,0
17.355459158788257,78.54787120079874,Chain Snatching,8.2,10,LB Nagar,0
17.38550869369914,78.52569873663667,Theft,10.0,17,Dilsukhnagar,0
17.424948652989357,78.43774931465144,Eve Teasing,5.5,2,Banjara Hills,1
17.509209522132384,78.35833297664627,Chain Snatching,2.3,8,Miyapur,0
17.440491577830873,78.64900979239104,Cybercrime,3.4,16,Unknown,0
17.27649410544303,78.31221584104188,Chain Snatching,4.5,17,Unknown,0
17.399300304538382,78.35878131326372,Chain Snatching,8.2,17,Financial District,0
17.287388527054205,78.62817470403162,Robbery,5.6,3,Unknown,1
17.407642312503693,78.3884130385282,Drug Offense,3.1,22,Raidurg,1
17.36148784949228,78.46632178717162,Theft,8.3,0,Charminar,1
17.432991508763767,78.36775826049785,Assault,3.6,22,Gachibowli,1
17.416642379589838,78.42474556246735,Vandalism,6.8,0,Tolichowki,1
17.40283052974321,78.56310110419652,Vandalism,4.4,12,Uppal,0
17.36050862904566,78.54341740516416,Assault,4.0,6,Dilsukhnagar,0
17.572135739755716,78.33347340859967,Pickpocketing,6.2,8,Unknown,0
17.476015362040208,78.39939634521194,Vehicle Theft,7.1,0,Kukatpally,1
17.403326685400806,78.57213623316429,Cybercrime,3.3,3,Uppal,1
17.361988443118495,78.54178020608752,Vehicle Theft,3.6,7,Dilsukhnagar,0
17.37793196009642,78.35488010449818,Vehicle Theft,4.6,20,Unknown,1
17.41436909514701,78.54402545625454,Pickpocketing,9.6,14,Uppal,0
17.380887019094626,78.4663202236104,Pickpocketing,2.4,7,Charminar,0
17.25702292922293,78.56825133041,Pickpocketing,9.0,5,Unknown,1
17.355773066065243,78.53431527642422,Eve Teasing,7.1,15,LB Nagar,0
17.368438525218476,78.52876164412609,Assault,9.4,10,Dilsukhnagar,0
17.37649489576623,78.41885037995398,Chain Snatching,5.1,17,Mehdipatnam,0
17.444007175493237,78.37032973393164,Pickpocketing,5.3,18,Hitech City,0
17.516035515083257,78.44248021611797,Pickpocketing,6.0,23,Unknown,1
17.30120046903528,78.63105647267182,Robbery,2.4,16,Unknown,0
17.430950975386473,78.35845664563875,Chain Snatching,9.3,5,Financial District,1
17.432832046053804,78.4252961074404,Cybercrime,3.8,0,Banjara Hills,1
17.410707501328964,78.53908697048057,Eve Teasing,7.4,22,Uppal,1
17.538269363945876,78.35879813587619,Vehicle Theft,9.3,1,Unknown,1
17.433287724125186,78.47935329346355,Theft,5.6,15,Secunderabad,0
17.30509018194548,78.6471968033016,Drug Offense,5.1,11,Unknown,0
17.430064495651212,78.45594708743562,Eve Teasing,2.9,4,Ameerpet,1
17.51332811595811,78.41107285850512,Pickpocketing,4.6,17,Kukatpally,0
17.434112597600887,78.43057993751277,Chain Snatching,9.5,20,Ameerpet,1
17.39759386560725,78.40379882961743,Pickpocketing,6.8,21,Tolichowki,1
17.475001978846787,78.3558227864797,Eve Teasing,5.9,13,Miyapur,0
17.408810786891706,78.41988446910264,Assault,2.5,21,Mehdipatnam,1
17.39892233239207,78.41880652605116,Vandalism,3.9,17,Tolichowki,0
17.241608805879938,78.34154845167748,Chain Snatching,3.8,21,Unknown,1
17.416858270082464,78.45565798484425,Theft,7.0,14,Ameerpet,0
17.40946703291056,78.43058674842023,Pickpocketing,5.5,17,Tolichowki,0
17.449316381261603,78.40260198415449,Eve Teasing,8.6,13,Jubilee Hills,0
17.435688894656586,78.35238887000818,Assault,9.4,10,Nanakramguda,0
17.347649606214087,78.53452057563395,Pickpocketing,9.6,0,Dilsukhnagar,1
17.43463516968237,78.37443864317827,Robbery,5.0,23,Hitech City,1
17.434804943922778,78.40335483077303,Assault,6.9,13,Jubilee Hills,0
17.42195223661968,78.41993076040985,Vehicle Theft,4.3,17,Banjara Hills,0
17.419191958975166,78.43633753474151,Chain Snatching,6.0,19,Banjara Hills,0
17.391706875932712,78.41688358754034,Robbery,4.6,16,Mehdipatnam,0
17.259359434929582,78.39727937987833,Vehicle Theft,5.2,23,Shamshabad,1
17.411652717622225,78.42855904023597,Drug Offense,6.1,23,Banjara Hills,1
17.526851086299548,78.30270274249818,Drug Offense,5.0,15,Unknown,0
17.45157703880664,78.53983507084935,Drug Offense,4.9,17,Unknown,0
17.244971849991114,78.41339803647968,Cybercrime,4.5,14,Shamshabad,0
17.266703213075136,78.39853129638799,Pickpocketing,4.9,14,Shamshabad,0
17.432390458599407,78.45950792279473,Pickpocketing,9.9,11,Ameerpet,0
17.437150779819724,78.36575247992408,Theft,9.6,18,Gachibowli,0
17.43047729456451,78.46868379964569,Robbery,5.4,1,Ameerpet,1
17.35097441453263,78.52113927479108,Vehicle Theft,3.8,0,Dilsukhnagar,1
17.373484578639413,78.43336040446697,Assault,5.1,13,Mehdipatnam,0
17.22374966340855,78.45653612932213,Drug Offense,8.9,5,Unknown,1
17.397308331574635,78.4346654554353,Cybercrime,8.5,6,Mehdipatnam,0
17.494544242902773,78.4089599658114,Eve Teasing,4.5,6,Kukatpally,0
17.376005707990775,78.5346764748687,Vandalism,4.9,12,Dilsukhnagar,0
17.435077122093627,78.43575202097045,Assault,6.2,20,Ameerpet,1
17.41064464569256,78.53996251511833,Assault,6.2,8,Uppal,0
17.432248856868487,78.48600772021267,Chain Snatching,3.0,1,Secunderabad,1
17.354651406410166,78.45994180221493,Vandalism,3.3,13,Charminar,0
17.39332463288402,78.45471453992951,Robbery,2.6,2,Mehdipatnam,1
17.38892956644725,78.46411722916076,Pickpocketing,9.1,14,Unknown,0
17.434597821940965,78.43399481730096,Vehicle Theft,7.3,13,Banjara Hills,0
17.456279912361882,78.3918522751159,Assault,4.0,18,Hitech City,0
17.423927283553883,78.4418929461075,Pickpocketing,10.0,21,Banjara Hills,1
17.43310326999326,78.4391378136968,Pickpocketing,3.6,0,Ameerpet,1
17.257494291724008,78.42987805330007,Robbery,7.0,12,Shamshabad,0
17.25489489108492,78.58710502960312,Vehicle Theft,8.6,10,Unknown,0
17.442995923694212,78.38080510344717,Theft,7.2,1,Hitech City,1
17.37913866291184,78.53968306343054,Vehicle Theft,6.6,17,Dilsukhnagar,0
17.224985562972602,78.5019881111127,Drug Offense,3.6,17,Unknown,0
17.348093345885026,78.52781472334684,Vandalism,9.2,8,Dilsukhnagar,0
17.563819831241375,78.46067748873241,Pickpocketing,8.1,5,Unknown,1
17.365386087583094,78.54021312841623,Vandalism,6.1,9,Dilsukhnagar,0
17.582008440075004,78.48749455995096,Vehicle Theft,7.0,0,Unknown,1
17.428138362471493,78.39272232268078,Robbery,2.2,10,Hitech City,0
17.4323161505629,78.44891134800667,Vehicle Theft,2.3,9,Ameerpet,0
17.42765995376164,78.50793646056846,Drug Offense,2.7,17,Secunderabad,0
17.432587021115353,78.41956125514544,Pickpocketing,9.1,12,Jubilee Hills,0
17.30889387874169,78.41121661943609,Chain Snatching,4.2,14,Unknown,0
17.493619875015288,78.3546638903133,Assault,8.7,19,Miyapur,0
17.42365748181344,78.38235778668906,Vandalism,4.9,23,Hitech City,1
17.403152638993422,78.43596752447046,Cybercrime,6.0,8,Banjara Hills,0
17.41187727232464,78.42536807106461,Chain Snatching,9.7,2,Tolichowki,1
17.42730384400856,78.44599197604754,Pickpocketing,2.8,11,Banjara Hills,0
17.48406743980151,78.34955459976338,Assault,9.5,4,Unknown,1
17.46158077991673,78.3910003718647,Cybercrime,8.8,13,Unknown,0
17.3728807850407,78.63833013605257,Robbery,3.5,14,Unknown,0
17.359630459874406,78.47899395626622,Vehicle Theft,2.7,10,Charminar,0
17.35197285408178,78.45538224952604,Vehicle Theft,2.4,22,Charminar,1
17.461900440629787,78.37956721521365,Eve Teasing,3.3,3,Hitech City,1
17.44295765297574,78.42411781354423,Eve Teasing,3.5,7,Jubilee Hills,0
17.491214848054224,78.36064988817093,Vehicle Theft,4.4,4,Miyapur,1
17.41226139065835,78.54201934574115,Assault,6.7,8,Uppal,0
17.59783387023021,78.57286989314811,Vehicle Theft,4.2,14,Unknown,0
17.414276993691324,78.36998949145477,Cybercrime,7.0,6,Raidurg,0
17.398039963379574,78.36019996959301,Chain Snatching,8.5,2,Financial District,1
17.407910808880533,78.61076178897218,Robbery,6.1,10,Unknown,0
17.441504375930744,78.3696873909139,Vandalism,9.8,17,Hitech City,0
17.42852131084092,78.45097304797692,Pickpocketing,5.1,11,Ameerpet,0
17.38812172149719,78.545555550884,Pickpocketing,3.0,7,Unknown,0
17.411413996308113,78.40306295589735,Pickpocketing,5.0,22,Tolichowki,1
17.482699097550995,78.38163654714813,Vandalism,8.5,0,Kukatpally,1
17.431571616497166,78.36027289758613,Drug Offense,9.4,17,Raidurg,0
17.404678486625755,78.42257536636842,Cybercrime,5.6,3,Banjara Hills,1
17.313004902974434,78.39200139003715,Chain Snatching,5.8,6,Unknown,0
17.459856116126243,78.38936059788385,Cybercrime,2.7,11,Hitech City,0
17.424329775838412,78.37788348868385,Cybercrime,3.2,4,Raidurg,1
17.37189210113829,78.49511811302504,Chain Snatching,4.3,10,Charminar,0
17.417004129300537,78.56757852062204,Assault,6.5,12,Uppal,0
17.431386912199173,78.39804993881398,Cybercrime,3.7,2,Jubilee Hills,1
17.435776107127644,78.33427366235291,Drug Offense,3.2,7,Gachibowli,0
17.433156132071712,78.42074435676237,Robbery,4.3,1,Jubilee Hills,1
17.438923817955164,78.37006740656545,Theft,8.4,22,Raidurg,1
17.260080807627965,78.42493277608087,Chain Snatching,7.5,7,Shamshabad,0
17.48272532644225,78.3512429107439,Chain Snatching,9.9,4,Miyapur,1
17.331153911195187,78.32089459267611,Chain Snatching,5.2,17,Unknown,0
17.36641135832695,78.54455616887161,Theft,7.2,17,Dilsukhnagar,0
17.448639446080197,78.51193516950784,Vehicle Theft,8.0,6,Secunderabad,0
17.41852613065925,78.39336147639159,Eve Teasing,5.0,21,Jubilee Hills,1
17.445167161434952,78.46132345989479,Vandalism,4.0,23,Ameerpet,1
17.400063972059346,78.58981639005404,Vehicle Theft,2.1,6,Unknown,0
17.403973197822662,78.42032301607988,Vehicle Theft,7.2,13,Tolichowki,0
17.42797240658824,78.34581064642218,Cybercrime,6.3,0,Financial District,1
17.49294574269567,78.41643264115154,Theft,6.2,8,Kukatpally,0
17.414256041213996,78.39842384045589,Vandalism,9.0,18,Tolichowki,0
17.4371482442726,78.44117397489924,Vandalism,9.9,2,Unknown,1
17.348600520436968,78.5656692484525,Eve Teasing,8.4,7,LB Nagar,0
17.51897565221938,78.47953925633716,Eve Teasing,3.3,22,Unknown,1
17.35492125049361,78.54656202976874,Drug Offense,2.5,11,LB Nagar,0
17.557086254954484,78.51487648692388,Cybercrime,7.8,4,Unknown,1
17.407841168801557,78.42002871345662,Pickpocketing,2.7,8,Banjara Hills,0
17.479014773260296,78.36804189060868,Cybercrime,9.4,6,Miyapur,0
17.481668313223736,78.34021589006477,Assault,8.2,20,Unknown,1
17.438724934019675,78.36451682695275,Pickpocketing,8.4,1,Hitech City,1
17.44053435933131,78.38695298760884,Cybercrime,7.0,1,Raidurg,1
17.44544952657699,78.5121967165753,Cybercrime,9.1,3,Secunderabad,1
17.58705925227625,78.45982376413737,Theft,4.4,20,Unknown,1
17.349093336462857,78.48715094708874,Robbery,7.2,0,Charminar,1
17.38190092196252,78.41393433635452,Assault,4.3,3,Mehdipatnam,1
17.587913689363255,78.46701240890218,Assault,6.3,3,Unknown,1
17.368753958917107,78.50714796355672,Vandalism,5.7,15,Dilsukhnagar,0
17.417622254277596,78.3328486138063,Cybercrime,2.8,15,Nanakramguda,0
17.497659964044715,78.40445202096187,Robbery,7.4,21,Kukatpally,1
17.42940770497305,78.33368409823454,Eve Teasing,8.6,19,Gachibowli,0
17.43474612329365,78.33692566709269,Pickpocketing,4.3,17,Financial District,0
17.446112946140154,78.32937301791868,Theft,8.2,14,Gachibowli,0
17.505134765764623,78.48197053507165,Chain Snatching,3.3,7,Unknown,0
17.379857364394546,78.56032362222984,Theft,3.1,13,Uppal,0
17.271543291788056,78.39604717413057,Assault,3.6,6,Shamshabad,0
17.425930083386515,78.35436765468833,Drug Offense,7.8,21,Gachibowli,1
17.410354760585925,78.39632542124968,Drug Offense,4.7,23,Raidurg,1
17.34766067068517,78.48837561936304,Drug Offense,5.9,14,Unknown,0
17.221995074027436,78.58730239962647,Assault,4.9,19,Unknown,0
17.435948519830774,78.44253151838564,Theft,5.9,2,Ameerpet,1
17.267941028205986,78.39343684844937,Drug Offense,4.8,4,Shamshabad,1
17.410017690311143,78.56559748724793,Chain Snatching,9.8,15,Uppal,0
17.362551771516827,78.56027892396206,Pickpocketing,3.3,10,LB Nagar,0
17.443806409983708,78.4186666196821,Vehicle Theft,9.8,6,Jubilee Hills,0
17.53817998620175,78.55484566562016,Chain Snatching,5.0,13,Unknown,0
17.453340106128138,78.44604805358858,Assault,3.8,8,Ameerpet,0
17.461375643603947,78.3424739038076,Theft,9.5,21,Unknown,1
17.417123759439562,78.44350126364644,Drug Offense,9.2,21,Banjara Hills,1
17.369622094287347,78.47162123714921,Cybercrime,4.7,6,Charminar,0
17.42205698165814,78.32616117175824,Cybercrime,2.6,6,Financial District,0
17.377888486634497,78.54382900418778,Cybercrime,6.4,7,Dilsukhnagar,0
17.442041615688233,78.51604613034141,Robbery,4.0,8,Secunderabad,0
17.42102065507288,78.45213329941173,Vehicle Theft,6.3,6,Banjara Hills,0
17.43322146621991,78.40645557727557,Pickpocketing,4.4,7,Jubilee Hills,0
17.502488291933894,78.39332050841914,Vandalism,6.7,10,Kukatpally,0
17.400266064566168,78.34402934940215,Chain Snatching,4.2,6,Financial District,0
17.5752271099526,78.49889930242608,Robbery,4.1,14,Unknown,0
17.423988737681487,78.43364554528323,Drug Offense,6.0,21,Ameerpet,1
17.364789783790314,78.48144077672092,Vandalism,4.4,13,Charminar,0
17.33883567377371,78.54562134639256,Eve Teasing,4.7,23,LB Nagar,1
17.394219014513535,78.45575363491069,Assault,3.7,2,Mehdipatnam,1
17.24261363941128,78.4134914020734,Cybercrime,6.2,9,Unknown,0
17.43736226208135,78.3322221041905,Drug Offense,2.2,8,Gachibowli,0
17.343632997213902,78.56604013784509,Eve Teasing,7.7,10,LB Nagar,0
17.37540766682607,78.3111398360047,Chain Snatching,2.6,6,Unknown,0
17.402972763992274,78.33049058250518,Theft,9.0,4,Nanakramguda,1
17.26614508447006,78.41785817708111,Theft,8.0,9,Shamshabad,0
17.427750693696407,78.50885747233923,Robbery,7.8,16,Secunderabad,0
17.446061968190776,78.38486448254781,Robbery,5.1,2,Raidurg,1
17.38207245567809,78.4242457544272,Pickpocketing,3.0,5,Mehdipatnam,1
17.43052988017063,78.40706018336647,Drug Offense,9.1,19,Jubilee Hills,0
17.42240909674534,78.38413497626097,Eve Teasing,9.0,17,Hitech City,0
17.495616699987995,78.42173940990064,Cybercrime,2.9,17,Kukatpally,0
17.418569558344142,78.33210913742032,Theft,7.5,3,Financial District,1
17.360239305275773,78.56382813705756,Robbery,5.7,9,LB Nagar,0
17.258590299986214,78.64507643099917,Chain Snatching,5.0,18,Unknown,0
17.419242203391903,78.35857741397874,Robbery,6.9,23,Nanakramguda,1
17.428212150388156,78.37834123246414,Vehicle Theft,7.9,14,Raidurg,0
17.508329540832,78.60562738962118,Cybercrime,6.2,17,Unknown,0
17.388998635719098,78.40392731997261,Pickpocketing,5.2,18,Tolichowki,0
17.25663816507271,78.42417508189047,Cybercrime,4.3,15,Shamshabad,0
17.351832186236592,78.53377940667312,Robbery,4.0,19,LB Nagar,0
17.35574895751735,78.57025562073764,Robbery,2.2,8,LB Nagar,0
17.399607158456202,78.33179099685086,Drug Offense,9.6,16,Financial District,0
17.42242954010748,78.407930460099,Cybercrime,4.1,14,Jubilee Hills,0
17.39209334808724,78.43570726695033,Theft,7.9,10,Mehdipatnam,0
17.39181994239659,78.41151634662013,Cybercrime,7.6,7,Mehdipatnam,0
17.429847670210876,78.3784834825906,Assault,3.9,17,Hitech City,0
17.267334183031217,78.42465473780568,Cybercrime,9.4,15,Shamshabad,0
17.58407406892015,78.44236028718325,Chain Snatching,9.1,14,Unknown,0
17.493972495174436,78.40385489593865,Eve Teasing,7.7,6,Kukatpally,0
17.40329202219189,78.4302287101548,Pickpocketing,4.4,18,Banjara Hills,0
17.42314920238519,78.34554228718035,Assault,7.5,7,Gachibowli,0
17.418270038136026,78.42337366137507,Assault,2.8,3,Jubilee Hills,1
17.427901875782624,78.36198284859347,Cybercrime,8.7,4,Gachibowli,1
17.42466672549475,78.42295959679065,Cybercrime,6.3,17,Banjara Hills,0
17.34349113346516,78.46575746334557,Chain Snatching,9.1,10,Charminar,0
17.37709635470186,78.41827468131787,Eve Teasing,2.4,9,Tolichowki,0
17.437770658922368,78.34429851180471,Robbery,8.1,13,Nanakramguda,0
17.36578445082891,78.47402227969359,Assault,8.8,21,Charminar,1
17.350252388876672,78.31245650713716,Eve Teasing,7.4,4,Unknown,1
17.34883529480169,78.5423483006671,Cybercrime,6.8,12,LB Nagar,0
17.56509813817705,78.55253841166454,Cybercrime,4.3,19,Unknown,0
17.552713506927034,78.36567729599905,Vehicle Theft,8.1,22,Unknown,1
17.352045383389786,78.5510148393925,Drug Offense,7.5,5,LB Nagar,1
17.42905965979546,78.3864899879915,Chain Snatching,9.4,21,Jubilee Hills,1
17.416388533939887,78.35064499920415,Theft,7.7,3,Nanakramguda,1
17.431023995270785,78.40497787364937,Eve Teasing,6.3,0,Jubilee Hills,1
17.422298075842235,78.44067430040332,Vehicle Theft,3.9,6,Banjara Hills,0
17.397491612490253,78.33531939452396,Vehicle Theft,2.8,7,Nanakramguda,0
17.40958135962437,78.32447479620262,Pickpocketing,9.8,22,Financial District,1
17.45575734580039,78.35834555978107,Vandalism,3.7,1,Gachibowli,1
17.451234746100607,78.39845670288553,Cybercrime,8.9,6,Hitech City,0
17.373884309356036,78.4292141020891,Drug Offense,9.4,5,Mehdipatnam,1
17.268966936037103,78.42429552605819,Vandalism,9.1,5,Shamshabad,1
17.50818772382674,78.37581788148786,Vandalism,7.5,12,Miyapur,0
17.496833818721072,78.40081543510543,Cybercrime,2.2,9,Kukatpally,0
17.407834766013995,78.34183885685493,Eve Teasing,4.3,1,Financial District,1
17.393208325521037,78.45043052302681,Drug Offense,8.6,17,Mehdipatnam,0
17.32263804776542,78.32412293585702,Pickpocketing,7.1,23,Unknown,1
17.572824491921274,78.61416639646065,Drug Offense,5.4,11,Unknown,0
17.446187244516583,78.49344144160152,Theft,8.2,2,Secunderabad,1
17.392151091326927,78.55990083478021,Cybercrime,4.1,12,Uppal,0
17.45431594713146,78.35944258009327,Cybercrime,5.7,21,Hitech City,1
17.415003802243444,78.44041340729102,Pickpocketing,7.1,2,Banjara Hills,1
17.39925023148175,78.40389336742909,Theft,5.1,22,Tolichowki,1
17.29586447297947,78.58709543993773,Robbery,5.5,10,Unknown,0
17.407817503115005,78.35371390400807,Assault,9.3,10,Financial District,0
17.433182348622537,78.35934558556889,Chain Snatching,8.7,13,Hitech City,0
17.443808598264603,78.33577227590592,Assault,9.1,20,Gachibowli,1
17.420526304877853,78.36184625081582,Robbery,6.3,6,Raidurg,0
17.418721709321673,78.49637988605491,Drug Offense,4.3,2,Secunderabad,1
17.39998558786774,78.5540797775137,Chain Snatching,3.7,11,Uppal,0
17.457786102371845,78.44397696027006,Vehicle Theft,9.3,0,Ameerpet,1
17.40778659053723,78.33936859567744,Assault,7.9,0,Nanakramguda,1
17.41673329928533,78.39595888775195,Theft,8.8,11,Raidurg,0
17.380881175487453,78.44267455850056,Pickpocketing,9.0,10,Mehdipatnam,0
17.225772283300305,78.41198925333555,Drug Offense,7.2,12,Unknown,0
17.47566545012909,78.40952937308947,Pickpocketing,7.8,8,Kukatpally,0
17.389738316786172,78.51626296680881,Vandalism,8.7,1,Unknown,1
17.42770441312227,78.35151237353399,Cybercrime,2.8,6,Nanakramguda,0
17.38459605099284,78.55314442634617,Assault,6.7,15,Uppal,0
17.504583630522195,78.38175548471963,Cybercrime,2.5,11,Kukatpally,0
17.404980109826322,78.42034238890474,Eve Teasing,3.0,18,Mehdipatnam,0
17.4441433067851,78.50423156962268,Vehicle Theft,9.7,23,Secunderabad,1
17.420819540184755,78.45374803081879,Assault,9.0,23,Ameerpet,1
17.34618478537248,78.54882781650392,Theft,4.4,6,LB Nagar,0
17.43488125573836,78.36594945754163,Chain Snatching,4.9,18,Hitech City,0
17.505214384787983,78.59817777793499,Chain Snatching,7.7,3,Unknown,1
17.499691260830147,78.38232431871913,Pickpocketing,6.7,5,Miyapur,1
17.38286930194919,78.55037942681116,Drug Offense,5.2,0,Uppal,1
17.446326695455877,78.37606349953452,Vandalism,5.0,15,Hitech City,0
17.528599843354748,78.341740768188,Assault,2.1,20,Unknown,1
17.37463960325149,78.57051316749127,Cybercrime,3.4,19,Unknown,0
17.347395371415978,78.55536678200646,Vehicle Theft,9.5,2,LB Nagar,1
17.404847026019834,78.33143125526767,Chain Snatching,5.8,17,Financial District,0
17.4179393124165,78.38230621744769,Assault,5.6,6,Raidurg,0
17.452691069475573,78.37726486494194,Pickpocketing,5.6,21,Hitech City,1
17.397437189817357,78.43697973884723,Cybercrime,2.3,5,Mehdipatnam,1
17.27154368120634,78.40140172632968,Eve Teasing,2.3,23,Shamshabad,1
17.3497683869095,78.53614657738615,Pickpocketing,4.1,1,Dilsukhnagar,1
17.260684647549564,78.5307088870104,Vandalism,8.2,11,Unknown,0
17.419869452665637,78.34977938268011,Theft,9.2,15,Financial District,0
17.430625477789388,78.39077017859506,Robbery,7.0,23,Raidurg,1
17.40065145976666,78.57384759671464,Vandalism,3.3,1,Uppal,1
17.434477068999033,78.38429886359307,Pickpocketing,6.6,19,Jubilee Hills,0
17.257754198682953,78.42419707082917,Pickpocketing,6.7,20,Shamshabad,1
17.445820049224313,78.39963738105844,Assault,7.2,19,Jubilee Hills,0
17.430668467658496,78.3540277241359,Eve Teasing,6.5,0,Financial District,1
17.431335137914182,78.45281713907288,Pickpocketing,5.1,9,Ameerpet,0
17.414482867466226,78.41163821217515,Robbery,6.3,5,Tolichowki,1
17.490796100835105,78.3859511783831,Cybercrime,5.5,6,Kukatpally,0
17.423153955258567,78.40542601050093,Vandalism,2.3,17,Jubilee Hills,0
17.390632791206915,78.3908394194892,Vehicle Theft,5.5,23,Unknown,1
17.59009761252786,78.6468117245998,Theft,9.1,19,Unknown,0
17.332202023028564,78.56914290868185,Vehicle Theft,8.8,1,LB Nagar,1
17.259184699532604,78.38957575708582,Vehicle Theft,4.0,16,Shamshabad,0
17.447590524030108,78.46205341097897,Assault,7.1,23,Ameerpet,1
17.44886100302329,78.39262530928332,Vandalism,8.1,13,Jubilee Hills,0
17.317358701209443,78.33080433488627,Robbery,6.0,7,Unknown,0
17.451821263556518,78.34680036459129,Cybercrime,2.6,19,Gachibowli,0
17.303033231789186,78.54457822778765,Chain Snatching,6.6,4,Unknown,1
17.408679472355388,78.42634895068502,Chain Snatching,3.7,17,Tolichowki,0
17.361105699541774,78.539506117891,Cybercrime,4.4,16,Dilsukhnagar,0
17.430631566370565,78.35717913939041,Vehicle Theft,2.6,20,Gachibowli,1
17.436344969591925,78.41331554902052,Robbery,3.7,22,Jubilee Hills,1
17.41908122393182,78.41514018626467,Drug Offense,7.7,12,Banjara Hills,0
17.43597332603518,78.50355892906262,Cybercrime,8.1,7,Secunderabad,0
17.427980325302382,78.37276853646615,Assault,5.0,18,Raidurg,0
17.367265860039943,78.45226924012736,Cybercrime,6.4,11,Unknown,0
17.414441416639633,78.43218830492827,Chain Snatching,9.5,10,Banjara Hills,0
17.455210936249806,78.34011696682595,Pickpocketing,3.1,0,Gachibowli,1
17.43342888022461,78.34612076859793,Cybercrime,2.3,17,Nanakramguda,0
17.40100542105812,78.36096912141728,Assault,2.2,0,Financial District,1
17.363362729888646,78.47491745357793,Assault,9.8,11,Charminar,0
17.25349915768205,78.39914983476946,Chain Snatching,4.5,12,Shamshabad,0
17.50002327203115,78.40048631640057,Vandalism,8.8,19,Kukatpally,0
17.429276904493587,78.34151128964568,Vandalism,5.3,8,Gachibowli,0
17.386513510934464,78.56161165939355,Vehicle Theft,4.4,9,Uppal,0
17.365387275116344,78.47854012143013,Drug Offense,9.5,3,Charminar,1
17.3024088129557,78.61121510557392,Cybercrime,4.2,2,Unknown,1
17.375928253849114,78.44154788011802,Theft,2.8,3,Mehdipatnam,1
17.432928044804672,78.39142724021708,Drug Offense,5.4,14,Raidurg,0
17.242200407642464,78.42345896340532,Chain Snatching,4.5,13,Unknown,0
17.41056503812955,78.43131358575305,Cybercrime,4.0,15,Tolichowki,0
17.48054884175011,78.41659571506825,Drug Offense,2.8,20,Kukatpally,1
17.43684338170261,78.43735010870687,Vandalism,6.7,16,Banjara Hills,0
17.41909310911069,78.34663316872361,Drug Offense,6.3,17,Gachibowli,0
17.365511546194917,78.58665525604374,Vandalism,2.1,4,Unknown,1
17.397210841383703,78.34207587592671,Eve Teasing,2.4,23,Nanakramguda,1
17.24518323454199,78.42545714476717,Chain Snatching,9.1,17,Shamshabad,0
17.40947917551253,78.32128563359414,Assault,2.1,11,Financial District,0
17.423644744674757,78.35715144507141,Cybercrime,6.3,9,Raidurg,0
17.378412217333292,78.52644362420985,Assault,9.0,10,Dilsukhnagar,0
17.406840031640666,78.55510549065893,Theft,4.1,21,Uppal,1
17.39479696492451,78.34581149039312,Vehicle Theft,8.5,11,Financial District,0
17.407357532779596,78.42560377816467,Cybercrime,7.8,14,Banjara Hills,0
17.38585959717615,78.53937554205291,Assault,9.7,22,Dilsukhnagar,1
17.38606229166647,78.53672242763166,Vandalism,7.6,20,Dilsukhnagar,1
17.43706812254093,78.39066835012544,Cybercrime,6.1,23,Raidurg,1
17.412539694585668,78.4374604509884,Vehicle Theft,5.8,3,Mehdipatnam,1
17.40265300003057,78.5489418435563,Cybercrime,9.6,21,Uppal,1
17.41182107055225,78.34899787712804,Drug Offense,8.4,15,Nanakramguda,0
17.32883458246098,78.54199445558986,Assault,4.0,21,LB Nagar,1
17.32843099651493,78.34665358266962,Eve Teasing,8.3,23,Unknown,1
17.347093180970795,78.52944777754612,Robbery,2.5,5,Dilsukhnagar,1
17.38814864195237,78.44696758501844,Assault,4.5,7,Mehdipatnam,0
17.442349906609383,78.39409331894684,Vehicle Theft,4.9,18,Raidurg,0
17.370330276048893,78.5297417217047,Vandalism,5.6,7,Dilsukhnagar,0
17.50063618071984,78.40614436083686,Chain Snatching,7.8,15,Kukatpally,0
17.43861133374689,78.40317265502851,Vandalism,4.0,5,Jubilee Hills,1
17.36985181474193,78.52818075932801,Eve Teasing,5.6,14,Dilsukhnagar,0
17.422214230580405,78.3699580386129,Vandalism,9.4,17,Raidurg,0
17.390206609059522,78.55462934667693,Chain Snatching,9.1,13,Uppal,0
17.271567865674808,78.59058391867369,Theft,7.8,7,Unknown,0
17.417455478970016,78.32677815358085,Pickpocketing,3.4,3,Nanakramguda,1
17.258622591304533,78.42161220867844,Pickpocketing,6.7,2,Shamshabad,1
17.417204097905444,78.35679746519416,Vandalism,6.3,8,Nanakramguda,0
17.418458371492154,78.33028945459279,Cybercrime,8.8,19,Financial District,0
17.41774096043573,78.35887615574352,Vandalism,8.3,17,Financial District,0
17.5107714716122,78.35138573836913,Vehicle Theft,5.9,22,Miyapur,1
17.34933305825365,78.46876726458292,Vehicle Theft,6.5,5,Charminar,1
17.456031099685088,78.39351637574575,Eve Teasing,7.6,8,Hitech City,0
17.42907230517965,78.41760186340689,Pickpocketing,5.2,16,Jubilee Hills,0
17.34861618794097,78.61469978606064,Cybercrime,5.5,20,Unknown,1
17.408473884911597,78.3952503569076,Theft,9.1,18,Raidurg,0
17.428277044071972,78.35524861417635,Drug Offense,2.4,0,Financial District,1
17.42974479933076,78.414344095305,Vandalism,4.0,2,Jubilee Hills,1
17.434325265924233,78.43361118418571,Drug Offense,5.9,21,Banjara Hills,1
17.333068015263535,78.5771687760613,Pickpocketing,5.3,5,Unknown,1
17.436375800094442,78.48102377404177,Chain Snatching,3.5,9,Secunderabad,0
17.25189149463054,78.4139706680971,Theft,4.8,23,Unknown,1
17.4553147490486,78.383693992649,Robbery,6.1,12,Hitech City,0
17.4450007396294,78.42170773329119,Chain Snatching,6.1,2,Jubilee Hills,1
17.43267827719902,78.34463668693186,Vehicle Theft,8.0,17,Gachibowli,0
17.396758724891725,78.43169036827913,Vandalism,7.2,23,Tolichowki,1
17.42171222366351,78.34864403670157,Chain Snatching,7.0,6,Financial District,0
17.426934039831792,78.39850645357332,Theft,3.0,10,Raidurg,0
17.37738014355022,78.518621918474,Vandalism,3.3,6,Dilsukhnagar,0
17.402555347761783,78.42060801999683,Vandalism,3.8,20,Mehdipatnam,1
17.45586875116763,78.39229787217698,Drug Offense,9.0,6,Hitech City,0
17.42950841959653,78.32558954010852,Chain Snatching,7.7,9,Nanakramguda,0
17.432624030367045,78.43673178279407,Robbery,4.5,21,Ameerpet,1
17.348496815576304,78.45560600073809,Drug Offense,6.8,21,Charminar,1
17.41895608759205,78.4501266065787,Vandalism,8.8,23,Banjara Hills,1
17.387587614280662,78.55813824367794,Drug Offense,2.5,20,Uppal,1
17.400297325748845,78.4100777257035,Assault,4.3,6,Mehdipatnam,0
17.59012391960997,78.6303279955931,Chain Snatching,4.2,4,Unknown,1
17.402617956290424,78.43216510163478,Theft,2.9,10,Mehdipatnam,0
17.516473757358913,78.47710780365207,Cybercrime,9.2,11,Unknown,0
17.536425521291957,78.52640054156745,Cybercrime,5.4,22,Unknown,1
17.242324068246564,78.39485549006216,Robbery,5.7,0,Shamshabad,1
17.23901377991808,78.33028820413246,Pickpocketing,6.6,10,Unknown,0
17.427924594225352,78.42826464293167,Chain Snatching,9.8,16,Ameerpet,0
17.29665488386643,78.61932378733941,Robbery,7.1,6,Unknown,0
17.249895591441053,78.42553389841413,Assault,6.5,19,Shamshabad,0
17.40517402311459,78.43080841697804,Cybercrime,5.9,19,Tolichowki,0
17.462873518298487,78.39779325217474,Theft,4.5,13,Unknown,0
17.205020097525527,78.33170245146877,Eve Teasing,7.9,4,Unknown,1
17.395897448429515,78.35559333652631,Drug Offense,8.4,14,Financial District,0
17.25359150804191,78.4084396983311,Drug Offense,7.7,23,Shamshabad,1
17.421666518195263,78.39680644400552,Vehicle Theft,7.4,10,Raidurg,0
17.4481100266167,78.40233535127082,Vandalism,9.6,4,Jubilee Hills,1
17.202197532209453,78.41026781658749,Pickpocketing,6.9,2,Unknown,1
17.386671581555756,78.40797201159656,Eve Teasing,2.7,21,Tolichowki,1
17.42675207401235,78.38735642975573,Cybercrime,4.6,8,Raidurg,0
17.344326024267968,78.56909169931288,Vandalism,9.9,19,LB Nagar,0
17.434593041985842,78.43129779532268,Vehicle Theft,3.2,17,Ameerpet,0
17.401106811313422,78.42902814735386,Drug Offense,2.6,3,Banjara Hills,1
17.40689731957567,78.55019966098263,Theft,7.9,19,Uppal,0
17.44609637332927,78.51221006796172,Chain Snatching,9.8,1,Secunderabad,1
17.381152267916086,78.53562638455377,Theft,4.2,12,Dilsukhnagar,0
17.555824825187795,78.45861503899637,Robbery,3.6,19,Unknown,0
17.593650765243154,78.42213048603676,Theft,6.6,8,Unknown,0
17.383393045963995,78.52084824324889,Assault,9.1,17,Dilsukhnagar,0
17.37684323734814,78.47785878952526,Eve Teasing,3.3,0,Charminar,1
17.44010568725994,78.37125965486328,Pickpocketing,5.6,9,Hitech City,0
17.592400826114208,78.38448096255973,Eve Teasing,6.3,2,Unknown,1
17.50614120448202,78.35046308049014,Eve Teasing,4.2,4,Miyapur,1
17.46312065385837,78.30186773241442,Vehicle Theft,5.9,4,Unknown,1
17.483187282577713,78.34262002869221,Cybercrime,9.4,2,Miyapur,1
17.45113716013646,78.48851972450154,Chain Snatching,2.2,3,Secunderabad,1
17.545241386721038,78.32851244020755,Cybercrime,8.7,1,Unknown,1
17.340807768320094,78.55418566945728,Eve Teasing,7.1,20,LB Nagar,1
17.43750227660244,78.4366647883197,Drug Offense,3.2,20,Banjara Hills,1
17.370661610835857,78.45392463417325,Theft,2.6,23,Charminar,1
17.460085148052,78.36775143463336,Cybercrime,5.3,11,Hitech City,0
17.377679873907184,78.55311172803468,Assault,2.5,5,Uppal,1
17.436088012736572,78.43081893479189,Eve Teasing,3.8,5,Banjara Hills,1
17.41268961469255,78.32425294946157,Theft,9.6,10,Nanakramguda,0
17.439831092871337,78.48054113933223,Chain Snatching,7.1,13,Unknown,0
17.34511380433651,78.55254822075564,Robbery,9.4,9,LB Nagar,0
17.456961911380066,78.3534987382681,Assault,5.2,20,Gachibowli,1
17.40595696445364,78.34481068025526,Assault,3.3,22,Nanakramguda,1
17.365369873915736,78.4586947933208,Drug Offense,5.3,2,Charminar,1
17.430630901609153,78.36361997640407,Theft,2.0,21,Hitech City,1
17.483040736778477,78.402615728537,Chain Snatching,2.0,10,Kukatpally,0
17.397921222409956,78.55554010764513,Pickpocketing,3.5,22,Uppal,1
17.409289577364465,78.41833368822815,Drug Offense,7.4,16,Mehdipatnam,0
17.399446522667624,78.57720946487886,Cybercrime,8.9,15,Uppal,0
17.378293732123474,78.54203885475532,Robbery,3.2,5,Dilsukhnagar,1
17.28394175836933,78.43102601387928,Assault,7.9,7,Unknown,0
17.398798154006208,78.34343971367609,Cybercrime,3.8,2,Financial District,1
17.331685705570944,78.5653891729818,Vandalism,7.9,19,LB Nagar,0
17.483198010751764,78.37206649153963,Eve Teasing,8.9,15,Miyapur,0
17.510438464552966,78.33825552519937,Drug Offense,2.4,22,Unknown,1
17.431578408452335,78.46581309198356,Cybercrime,7.6,10,Ameerpet,0
17.40655054522349,78.4372329788285,Theft,8.9,6,Mehdipatnam,0
17.478217597830163,78.39996617677551,Theft,9.1,11,Kukatpally,0
17.424060455325833,78.38575592408739,Assault,8.3,15,Jubilee Hills,0
17.418000439669697,78.38594555010094,Drug Offense,9.8,12,Raidurg,0
17.433671672111696,78.33610572679362,Robbery,3.0,23,Financial District,1
17.390695391648897,78.54468936754981,Cybercrime,4.0,19,Uppal,0
17.274680329770845,78.39222967948851,Pickpocketing,4.8,18,Shamshabad,0
17.427642987582786,78.5180760812839,Eve Teasing,3.7,19,Secunderabad,0
17.3793918796497,78.46634436093427,Vandalism,6.3,3,Charminar,1
17.476250438940035,78.40978034855866,Theft,5.5,4,Kukatpally,1
17.502646651471025,78.40233386021355,Chain Snatching,6.3,13,Kukatpally,0
17.391162947652393,78.4207669298625,Pickpocketing,5.9,13,Tolichowki,0
17.429011388067163,78.35409283530437,Theft,4.3,6,Gachibowli,0
17.370761630699533,78.53269991924792,Vehicle Theft,3.3,16,Unknown,0
17.42392944231512,78.51491472469365,Vehicle Theft,7.0,16,Secunderabad,0
17.399363613622974,78.35976691526655,Drug Offense,4.0,11,Financial District,0
17.39278574565587,78.41585699429695,Vandalism,7.3,16,Mehdipatnam,0
17.527541383920553,78.43002858708057,Robbery,9.2,11,Unknown,0
17.358482793636938,78.55124166272523,Cybercrime,2.5,5,LB Nagar,1
17.32908790464343,78.55751787860771,Vehicle Theft,8.6,4,LB Nagar,1
17.434918817081805,78.38835350560113,Vehicle Theft,5.4,1,Hitech City,1
17.42379655784365,78.35989314169333,Assault,2.2,16,Financial District,0
17.5182676061123,78.35817087670176,Assault,5.1,2,Miyapur,1
17.342010822899592,78.4325142735525,Assault,3.0,6,Unknown,0
17.418435863823984,78.38929088120153,Robbery,8.1,22,Raidurg,1
17.54831905317763,78.5243718024624,Drug Offense,6.5,21,Unknown,1
17.411901858161453,78.34236763452827,Vehicle Theft,5.0,4,Financial District,1
17.444460145620372,78.51262114086273,Chain Snatching,9.7,17,Secunderabad,0
17.432082714136413,78.37831382310645,Pickpocketing,4.2,18,Raidurg,0
17.43791887701299,78.38133713030257,Theft,9.6,21,Raidurg,1
17.423809893037568,78.43538728808709,Vehicle Theft,6.2,20,Ameerpet,1
17.35133736976095,78.5328067535792,Chain Snatching,6.2,14,Unknown,0
17.453725440449478,78.3654458119811,Vandalism,8.9,20,Hitech City,1
17.392337484625855,78.43046419743814,Eve Teasing,9.6,20,Mehdipatnam,1
17.245954619335794,78.3984507768909,Vandalism,7.3,6,Shamshabad,0
17.42134316348044,78.35566191165674,Chain Snatching,5.7,16,Nanakramguda,0
17.442340497912486,78.46762314972057,Cybercrime,7.5,22,Ameerpet,1
17.396444875570438,78.40990401177702,Assault,3.4,23,Tolichowki,1
17.437208871566828,78.35127362969922,Cybercrime,3.9,8,Nanakramguda,0
17.44781412704383,78.32893726774661,Robbery,7.0,23,Gachibowli,1
17.42701388708929,78.42985460005731,Theft,5.5,0,Ameerpet,1
17.46559519829461,78.37570271448381,Theft,2.0,1,Hitech City,1
17.404706860843113,78.35708298575328,Eve Teasing,3.3,22,Nanakramguda,1
17.419244860735656,78.5063350432056,Eve Teasing,4.7,20,Secunderabad,1
17.43699439077093,78.3669860743446,Chain Snatching,8.1,9,Hitech City,0
17.411327680770853,78.4462591472511,Vehicle Theft,7.9,3,Banjara Hills,1
17.445956721286404,78.47955941544541,Drug Offense,8.0,17,Secunderabad,0
17.377219177935533,78.43799996907833,Robbery,7.6,18,Mehdipatnam,0
17.520447550043002,78.56393440063582,Vehicle Theft,2.2,14,Unknown,0
17.412261015970063,78.3431748697478,Eve Teasing,5.7,19,Financial District,0
17.423915146094476,78.44652376192434,Vandalism,5.2,12,Banjara Hills,0
17.40754487908279,78.5695229809407,Vehicle Theft,7.3,12,Uppal,0
17.432815976574258,78.39397375959446,Vandalism,9.8,20,Raidurg,1
17.59302762354104,78.50605213736227,Drug Offense,3.8,21,Unknown,1
17.2798490112952,78.57320841487288,Vandalism,7.6,3,Unknown,1
17.40761013641971,78.3834801898341,Drug Offense,9.1,6,Raidurg,0
17.42415978529863,78.63199236971745,Chain Snatching,5.5,22,Unknown,1
17.50033077719689,78.3729379582751,Eve Teasing,3.7,16,Miyapur,0
17.423534306682207,78.3636115581056,Assault,4.7,8,Gachibowli,0
17.441573477147085,78.5132180816715,Chain Snatching,9.1,23,Secunderabad,1
17.351274978403872,78.47199076373592,Eve Teasing,2.1,1,Charminar,1
17.44927743828547,78.35400497022033,Pickpocketing,9.7,10,Gachibowli,0
17.413620377784543,78.34148116198607,Drug Offense,9.1,12,Nanakramguda,0
17.373539788146584,78.46572924406995,Robbery,8.8,18,Charminar,0
17.353975373226344,78.49316241753718,Vandalism,9.3,2,Charminar,1
17.395268636714675,78.33553981373326,Vehicle Theft,2.9,5,Financial District,1
17.410890276424176,78.34591316670856,Theft,4.4,3,Financial District,1
17.433335003707352,78.39596710375268,Eve Teasing,9.4,21,Raidurg,1
17.440263538948614,78.39079437420583,Eve Teasing,5.0,1,Jubilee Hills,1
17.409296698347337,78.45198222419273,Robbery,7.0,21,Banjara Hills,1
17.330094368286282,78.53631505218583,Eve Teasing,9.2,6,LB Nagar,0
17.38008050123687,78.41881219940969,Chain Snatching,7.9,6,Tolichowki,0
17.42730108209415,78.48281846178287,Eve Teasing,2.9,7,Secunderabad,0
17.421128964568542,78.3383099462383,Eve Teasing,5.7,21,Financial District,1
17.38102701296441,78.41431605294649,Assault,6.6,22,Tolichowki,1
17.457629288234138,78.45123190579454,Cybercrime,9.5,15,Ameerpet,0
17.259858282800636,78.39102990388012,Cybercrime,2.9,5,Shamshabad,1
17.380735578496203,78.53929049229976,Drug Offense,3.8,17,Dilsukhnagar,0
17.432284160429923,78.4291845034974,Robbery,9.3,23,Ameerpet,1
17.344154500350363,78.4633269046286,Eve Teasing,2.4,10,Charminar,0
17.228853380722583,78.52149897596588,Robbery,5.9,0,Unknown,1
17.403842657652348,78.33323983266159,Robbery,9.9,8,Nanakramguda,0
17.41389201241277,78.35746067566735,Vehicle Theft,4.1,4,Financial District,1
17.42883197890239,78.50519183009965,Assault,9.7,9,Secunderabad,0
17.267696338202164,78.42428287827984,Cybercrime,5.1,8,Shamshabad,0
17.37909540300894,78.43930827132382,Theft,8.8,2,Mehdipatnam,1
17.44380935989369,78.42068061922323,Drug Offense,4.4,22,Unknown,1
17.50930570528573,78.34854583608445,Robbery,4.8,7,Miyapur,0
17.431032952651808,78.4323475273766,Robbery,2.8,1,Banjara Hills,1
17.429495447531824,78.37809697745607,Assault,5.8,17,Hitech City,0
17.354125993459,78.5387831235291,Chain Snatching,5.6,13,LB Nagar,0
17.430713590359836,78.3754531382322,Pickpocketing,8.0,23,Raidurg,1
17.40951560937793,78.54679338864806,Pickpocketing,3.9,5,Uppal,1
17.432741807365407,78.42367272163632,Vehicle Theft,6.0,17,Jubilee Hills,0
17.356322988487978,78.49385537022532,Theft,2.5,15,Charminar,0
17.44961096304548,78.36309954379846,Pickpocketing,2.0,17,Hitech City,0
17.413666974509773,78.35778311187786,Drug Offense,4.9,22,Financial District,1
17.43289937656067,78.36882610495766,Chain Snatching,9.1,6,Gachibowli,0
17.37808817787819,78.53644075467264,Vehicle Theft,2.1,0,Dilsukhnagar,1
17.445412061736704,78.39373237638695,Assault,5.5,8,Jubilee Hills,0
17.40041629004759,78.44742335016846,Robbery,2.8,0,Mehdipatnam,1
17.494370742610126,78.33922158117322,Eve Teasing,4.1,1,Miyapur,1
17.407645834764523,78.4303143440889,Chain Snatching,6.9,15,Banjara Hills,0
17.438133436119898,78.43588105181888,Vehicle Theft,8.6,9,Ameerpet,0
17.266305118127864,78.42272002732997,Pickpocketing,4.5,4,Shamshabad,1
17.411546968884174,78.32819146171079,Pickpocketing,5.1,14,Financial District,0
17.41956242917755,78.41125919401384,Pickpocketing,6.2,5,Tolichowki,1
17.483476909558703,78.3804435462159,Robbery,4.7,18,Kukatpally,0
17.257347123114773,78.60075039717216,Pickpocketing,2.0,19,Unknown,0
17.539276782557096,78.6250225550021,Assault,2.4,7,Unknown,0
17.41865264818662,78.36676646633745,Cybercrime,7.2,16,Financial District,0
17.4246367044267,78.46427201075574,Assault,7.3,1,Unknown,1
17.36862123097812,78.52709485887189,Assault,3.3,23,Unknown,1
17.338692029450723,78.46333855293183,Eve Teasing,8.5,4,Unknown,1
17.376152175230906,78.46267181344665,Theft,6.4,4,Charminar,1
17.424290698144965,78.37017714184302,Vehicle Theft,3.3,17,Raidurg,0
17.262310463455535,78.3923811376318,Cybercrime,2.3,3,Shamshabad,1
17.44630986239827,78.40117681512127,Vehicle Theft,8.2,13,Jubilee Hills,0
17.283022238842282,78.35410412295096,Pickpocketing,8.2,20,Unknown,1
17.22921382243116,78.5690593506981,Cybercrime,5.3,19,Unknown,0
17.375360774193958,78.3960186955317,Vehicle Theft,8.0,19,Unknown,0
17.3220722528482,78.49771712386651,Vandalism,7.1,11,Unknown,0
17.429129702676935,78.41203093133716,Chain Snatching,5.4,12,Jubilee Hills,0
17.40242263823729,78.5768534771108,Vehicle Theft,5.4,12,Uppal,0
17.452847592877728,78.45083575780943,Eve Teasing,5.1,20,Ameerpet,1
17.439791433051383,78.49976043342801,Robbery,6.8,13,Secunderabad,0
17.383967677081717,78.41862982889951,Vehicle Theft,8.9,13,Mehdipatnam,0
17.43022245416842,78.35855938152243,Assault,3.5,16,Nanakramguda,0
17.44727422981651,78.35170454180697,Assault,9.3,9,Gachibowli,0
17.259397259878366,78.4147637392954,Eve Teasing,2.9,12,Shamshabad,0
17.349179335065937,78.55252121516922,Theft,7.5,16,LB Nagar,0
17.430112962863408,78.44112677680428,Assault,9.2,6,Ameerpet,0
17.57627061197963,78.41521938401657,Drug Offense,7.4,17,Unknown,0
17.457304658907205,78.45886776775386,Assault,8.3,12,Ameerpet,0
17.393925471818104,78.53790941962895,Vehicle Theft,7.7,15,Uppal,0
17.426487151164093,78.3262645627414,Theft,9.2,2,Nanakramguda,1
17.435493138976902,78.38752395622568,Assault,2.5,0,Raidurg,1
17.436811241387026,78.43079229619933,Vandalism,5.7,19,Ameerpet,0
17.373209745546774,78.48121012795313,Chain Snatching,8.6,19,Charminar,0
17.342717159033334,78.53521906413673,Chain Snatching,7.8,9,LB Nagar,0
17.50469920826628,78.37002411214954,Chain Snatching,2.6,16,Miyapur,0
17.429161290276802,78.3497365085455,Chain Snatching,7.3,19,Gachibowli,0
17.420318110132655,78.35072230787003,Vandalism,8.7,16,Financial District,0
17.382089994903907,78.43148793231006,Cybercrime,4.2,21,Mehdipatnam,1
17.4242261469776,78.43969377925048,Chain Snatching,5.7,1,Ameerpet,1
17.346396988076975,78.5295469497791,Drug Offense,9.7,22,LB Nagar,1
17.379003958910168,78.55208647293819,Cybercrime,4.3,14,Uppal,0
17.20999613182802,78.59599611113353,Drug Offense,7.6,22,Unknown,1
17.44001518932344,78.3858801271893,Assault,3.6,19,Jubilee Hills,0
17.41283489555293,78.41600679183526,Chain Snatching,8.0,22,Banjara Hills,1
17.430432244268687,78.36300022105024,Theft,5.2,12,Gachibowli,0
17.435370595946807,78.34578955776182,Drug Offense,8.7,3,Nanakramguda,1
17.34248782268892,78.56691369899357,Eve Teasing,4.4,5,LB Nagar,1
17.415900234570344,78.35410597844147,Cybercrime,4.4,4,Nanakramguda,1
17.495001894365714,78.37327144890332,Theft,7.0,3,Miyapur,1
17.407707945217364,78.38183954394638,Drug Offense,2.8,2,Raidurg,1
17.428406599441132,78.41242851819396,Chain Snatching,3.4,20,Jubilee Hills,1
17.379902366066798,78.42176395730253,Vehicle Theft,9.6,20,Tolichowki,1
17.40456558655928,78.40208980508896,Vandalism,4.2,21,Tolichowki,1
17.329633709433647,78.45021603482114,Theft,7.1,13,Unknown,0
17.40381036924607,78.45181784374302,Pickpocketing,5.1,18,Banjara Hills,0
17.429367705157627,78.35352123329928,Robbery,2.1,9,Gachibowli,0
17.40371948177643,78.45153808485561,Chain Snatching,6.0,4,Banjara Hills,1
17.438249238508593,78.42328328598909,Drug Offense,2.9,21,Jubilee Hills,1
17.44468533009345,78.39234245004754,Vandalism,7.3,14,Hitech City,0
17.34384392207423,78.47039314763823,Theft,9.3,17,Charminar,0
17.402289754243633,78.43425421556977,Theft,6.7,1,Banjara Hills,1
17.403492161136956,78.57583914451192,Pickpocketing,5.8,20,Uppal,1
17.363314013980247,78.35766302883314,Robbery,8.5,21,Unknown,1
17.56323166003695,78.40035393287361,Chain Snatching,6.6,14,Unknown,0
17.42929388266025,78.33289242883238,Vandalism,7.4,13,Financial District,0
17.496077841875593,78.37994801813566,Vandalism,2.6,8,Kukatpally,0
17.260303059327914,78.46100159115993,Vehicle Theft,4.9,23,Unknown,1
17.427599489443747,78.50285363769952,Robbery,9.4,21,Secunderabad,1
17.308549343810554,78.60475164457074,Assault,9.5,15,Unknown,0
17.492287103618512,78.63694780645109,Vehicle Theft,2.1,8,Unknown,0
17.49409539428487,78.38005314328849,Vehicle Theft,8.7,5,Unknown,1
17.362013250869605,78.46607416345472,Robbery,3.4,1,Charminar,1
17.39487273537542,78.3405456565697,Drug Offense,6.1,4,Nanakramguda,1
17.438722368589925,78.33164053912884,Theft,5.3,3,Gachibowli,1
17.427835819573705,78.49210743531246,Pickpocketing,2.6,9,Secunderabad,0
17.378069874025986,78.54940426616666,Robbery,7.8,21,Dilsukhnagar,1
17.44746510001633,78.46637734447124,Cybercrime,8.5,11,Ameerpet,0
17.591053816651,78.37578973646453,Vehicle Theft,9.2,11,Unknown,0
17.37392136823294,78.4913754945774,Drug Offense,5.4,15,Charminar,0
17.570379603865728,78.61838645043343,Cybercrime,7.2,11,Unknown,0
17.44783692390179,78.50828297973577,Chain Snatching,2.5,9,Secunderabad,0
17.444811356951604,78.46410515719548,Vehicle Theft,7.7,16,Ameerpet,0
17.4169979553894,78.3772184882818,Theft,4.0,7,Raidurg,0
17.361951593702113,78.48790530501473,Assault,7.6,16,Charminar,0
17.405848589586622,78.56771491029198,Robbery,6.7,9,Uppal,0
17.4564331568483,78.4363167681944,Chain Snatching,7.9,0,Ameerpet,1
17.50315885649622,78.36295172192432,Drug Offense,7.2,16,Miyapur,0
17.351224946954478,78.49560691973501,Vandalism,8.6,6,Charminar,0
17.419794321406442,78.479528464607,Cybercrime,2.1,0,Unknown,1
17.380789360292617,78.43632109881577,Pickpocketing,3.5,2,Mehdipatnam,1
17.26662395644839,78.33189171253964,Drug Offense,2.8,5,Unknown,1
17.442669048811464,78.3765960391452,Drug Offense,4.8,8,Hitech City,0
17.4440960596141,78.49874899921132,Vehicle Theft,8.9,2,Secunderabad,1
17.497373273303776,78.3952427783451,Assault,6.8,10,Kukatpally,0
17.5073400235382,78.39624178086082,Vandalism,4.5,8,Kukatpally,0
17.329062775612254,78.546188388276,Cybercrime,8.1,23,LB Nagar,1
17.388109324540846,78.55478203178205,Chain Snatching,2.4,10,Uppal,0
17.38354799736023,78.39968286066046,Robbery,9.1,20,Tolichowki,1
17.421890120569376,78.34356020936737,Cybercrime,8.7,12,Financial District,0
17.36603013487307,78.52910437843487,Vandalism,5.2,3,Dilsukhnagar,1
17.409853839038487,78.57357457389531,Eve Teasing,3.6,19,Uppal,0
17.306137148177665,78.5677361317206,Robbery,7.9,2,Unknown,1
17.498774813720306,78.39381730794696,Robbery,3.3,14,Kukatpally,0
17.404791949118458,78.34291558020921,Eve Teasing,8.0,9,Nanakramguda,0
17.368284834756622,78.4527897397825,Theft,4.9,6,Charminar,0
17.391688156157837,78.54559614232123,Robbery,7.2,22,Uppal,1
17.39841505140072,78.33163446777824,Theft,2.7,8,Nanakramguda,0
17.41771979528084,78.55145509044311,Chain Snatching,5.6,3,Uppal,1
17.478950206451103,78.35657662814029,Drug Offense,4.1,2,Miyapur,1
17.428602003654504,78.39447615863922,Pickpocketing,5.5,15,Hitech City,0
17.48861296678384,78.5242023703126,Pickpocketing,2.9,2,Unknown,1
17.44013630647695,78.42783422493322,Assault,3.0,11,Jubilee Hills,0
17.460662302747068,78.38284349809634,Cybercrime,6.6,21,Hitech City,1
17.329997564712567,78.50204360244122,Eve Teasing,8.4,18,Unknown,0
17.424722498081767,78.43326738465731,Chain Snatching,7.1,8,Banjara Hills,0
17.41700190883279,78.38398771413146,Theft,3.8,19,Raidurg,0
17.34703846046431,78.53221740667846,Theft,2.3,17,LB Nagar,0
17.47946448004363,78.35602280252046,Robbery,8.0,5,Miyapur,1
17.41085886156816,78.44411781278971,Assault,8.6,23,Unknown,1
17.45150001530219,78.39910243687122,Chain Snatching,8.0,13,Hitech City,0
17.434820595046475,78.38845915679613,Theft,9.9,8,Raidurg,0
17.250638431546303,78.41918137523683,Eve Teasing,8.4,14,Shamshabad,0
17.40738206647819,78.57465568862212,Vehicle Theft,3.4,1,Uppal,1
17.432087906797854,78.4889428335932,Chain Snatching,3.9,21,Secunderabad,1
17.4331254586719,78.5147994114128,Robbery,9.0,5,Secunderabad,1
17.506731687983287,78.38328018610916,Robbery,2.1,15,Kukatpally,0
17.382679569252875,78.54059122488484,Chain Snatching,8.9,19,Dilsukhnagar,0
17.438881494969152,78.37027004583015,Chain Snatching,2.3,8,Gachibowli,0
17.267497462501744,78.41682102338056,Drug Offense,3.3,19,Shamshabad,0
17.448428935146634,78.60123510634465,Pickpocketing,7.2,13,Unknown,0
17.43141289166965,78.44801233413078,Pickpocketing,7.2,19,Ameerpet,0
17.376139028363475,78.47854489618615,Eve Teasing,8.4,8,Charminar,0
17.411358073100992,78.35582480638072,Theft,5.6,6,Unknown,0
17.45591135203627,78.4849919932284,Vandalism,7.0,11,Secunderabad,0
17.37786145789658,78.55971802520877,Vehicle Theft,9.5,15,Uppal,0
17.433254355308794,78.42696629298271,Eve Teasing,8.4,5,Banjara Hills,1
17.39315638263626,78.48457531855531,Assault,9.8,13,Unknown,0
17.453728532842288,78.33761740947199,Chain Snatching,9.1,7,Gachibowli,0
17.31452004707303,78.50360162477895,Chain Snatching,5.6,1,Unknown,1
17.38385002698277,78.54043354128464,Assault,9.6,17,Uppal,0
17.460709682422124,78.34189059106144,Pickpocketing,2.6,16,Gachibowli,0
17.236519404483438,78.414345057824,Chain Snatching,5.1,23,Shamshabad,1
17.444794835360977,78.46891756571267,Vandalism,4.5,3,Ameerpet,1
17.386606842287836,78.4247035491725,Vandalism,7.9,15,Tolichowki,0
17.42692878528336,78.35149235997036,Assault,2.5,17,Gachibowli,0
17.426010662596198,78.4220542554746,Vandalism,6.6,6,Jubilee Hills,0
17.23413230403057,78.60808097327563,Robbery,8.3,16,Unknown,0
17.392372399783653,78.40674444588294,Robbery,7.6,1,Tolichowki,1
17.39072497117846,78.41419438249807,Vandalism,8.1,0,Mehdipatnam,1
17.392407213179627,78.35980639288988,Vehicle Theft,4.7,12,Unknown,0
17.423951642707372,78.44780893208066,Cybercrime,7.3,10,Ameerpet,0
17.44557196651351,78.40912920846894,Assault,5.7,14,Jubilee Hills,0
17.42995696742214,78.42107003638601,Drug Offense,9.5,2,Banjara Hills,1
17.416041155447296,78.39252950121028,Pickpocketing,9.8,14,Raidurg,0
17.42925385351056,78.48531242274412,Drug Offense,4.2,3,Secunderabad,1
17.441475315220742,78.38527828101782,Assault,3.3,1,Raidurg,1
17.485636391152255,78.3443922288762,Assault,3.4,1,Miyapur,1
17.447535504571448,78.4896034128463,Theft,9.5,3,Secunderabad,1
17.352186859088494,78.51887464417477,Drug Offense,2.0,2,Dilsukhnagar,1
17.40038073853652,78.57322399681185,Cybercrime,7.1,16,Uppal,0
17.40685447878505,78.35218258975479,Vandalism,2.1,1,Nanakramguda,1
17.480836708737893,78.3982875543581,Robbery,5.0,5,Kukatpally,1
17.413983887333703,78.36382300141432,Pickpocketing,5.0,4,Raidurg,1
17.355382343852117,78.49397296580544,Eve Teasing,4.0,21,Unknown,1
17.21323514138166,78.37625759603675,Eve Teasing,5.8,4,Unknown,1
17.35521794012148,78.54098882645522,Assault,5.2,6,LB Nagar,0
17.433586191850175,78.50356759565814,Robbery,7.8,3,Secunderabad,1
17.47652255624356,78.40600795937021,Cybercrime,4.2,8,Kukatpally,0
17.41401433055386,78.32358334959555,Vehicle Theft,2.4,18,Nanakramguda,0
17.26634325166315,78.4082707251136,Vandalism,4.2,2,Shamshabad,1
17.48181649653064,78.37687247423577,Assault,4.1,2,Unknown,1
17.379236832667143,78.4352440466089,Theft,4.7,21,Mehdipatnam,1
17.28823228054354,78.5238183710644,Assault,7.4,14,Unknown,0
17.439358695897266,78.35645267427348,Drug Offense,7.9,13,Hitech City,0
17.481907893428126,78.36378307727797,Drug Offense,5.9,2,Miyapur,1
17.51481349945409,78.35090518543895,Assault,9.7,16,Miyapur,0
17.338388450865715,78.56317997547018,Vandalism,5.0,4,LB Nagar,1
17.430542943528213,78.42235175880492,Drug Offense,7.2,5,Jubilee Hills,1
17.42481092794194,78.44086290156356,Assault,4.5,20,Banjara Hills,1
17.40354324969811,78.35789257314717,Assault,8.0,12,Financial District,0
17.482105991939218,78.34558152078793,Cybercrime,2.8,10,Miyapur,0
17.425834761467804,78.36029994227701,Vehicle Theft,4.3,3,Raidurg,1
17.40124735980524,78.41992541968915,Robbery,6.0,9,Mehdipatnam,0
17.33955225431845,78.55277803765452,Drug Offense,8.0,1,LB Nagar,1
17.413281143415574,78.56872572222919,Drug Offense,2.1,2,Uppal,1
17.432462941591783,78.35231826151056,Chain Snatching,3.7,18,Gachibowli,0
17.49483124126601,78.35023142284312,Assault,6.9,20,Miyapur,1
17.324948441244864,78.56319635902311,Pickpocketing,8.8,4,LB Nagar,1
17.395415048716654,78.54629095539435,Eve Teasing,7.3,18,Uppal,0
17.464790975618257,78.57105361911496,Vehicle Theft,7.3,4,Unknown,1
17.43073168717744,78.35950142409526,Pickpocketing,2.2,20,Nanakramguda,1
17.362357719212323,78.53307866904835,Vandalism,4.7,14,Dilsukhnagar,0
17.510751796700216,78.3751760873531,Drug Offense,3.4,16,Miyapur,0
17.434252644582685,78.44134505506959,Theft,5.6,7,Ameerpet,0
17.416069206971656,78.4244327828132,Eve Teasing,9.8,6,Tolichowki,0
17.360201644244214,78.56279692747866,Eve Teasing,6.3,1,LB Nagar,1
17.511256774493475,78.38731700932324,Vehicle Theft,3.4,13,Unknown,0
17.38593998006147,78.43120079706942,Pickpocketing,5.5,17,Mehdipatnam,0
17.417154692580752,78.32382182224912,Cybercrime,4.0,6,Financial District,0
17.420311426311553,78.34902900253243,Robbery,5.1,0,Gachibowli,1
17.418016024333436,78.39684283334896,Pickpocketing,7.3,19,Jubilee Hills,0
17.344220623959835,78.47160486478053,Pickpocketing,3.8,8,Charminar,0
17.35863397266107,78.54101565473432,Drug Offense,7.0,19,Dilsukhnagar,0
17.39293626089977,78.52156705434052,Vehicle Theft,4.0,2,Unknown,1
17.32786974469914,78.59902208270833,Eve Teasing,9.8,23,Unknown,1
17.450351733177776,78.36916022250382,Vandalism,8.0,11,Hitech City,0
17.28835377980867,78.54470568455363,Pickpocketing,7.4,15,Unknown,0
17.33979509480676,78.43821154605088,Chain Snatching,3.2,19,Unknown,0
17.483388130753003,78.35281760367288,Eve Teasing,5.6,19,Miyapur,0
17.420057925193476,78.40863812644214,Theft,3.6,11,Jubilee Hills,0
17.40105410089944,78.43690505336454,Assault,5.1,3,Banjara Hills,1
17.421571561166143,78.49040906906029,Vehicle Theft,8.9,19,Secunderabad,0
17.43490742998592,78.58044170922487,Theft,6.5,12,Unknown,0
17.356258663780668,78.51161041310662,Assault,9.6,0,Dilsukhnagar,1
17.431664108898335,78.4112230548681,Theft,4.4,5,Jubilee Hills,1
17.333489075082966,78.54084516873411,Robbery,5.9,22,LB Nagar,1
17.430175542428838,78.34278618850809,Eve Teasing,7.5,7,Unknown,0
17.265613926731238,78.42755989827891,Drug Offense,4.3,13,Shamshabad,0
17.425963104105342,78.49992618943925,Assault,7.2,8,Secunderabad,0
17.452266107437477,78.50846187136897,Eve Teasing,9.9,8,Secunderabad,0
17.39200310696696,78.43837914437859,Vandalism,4.3,23,Mehdipatnam,1
17.43668129266963,78.4423491354629,Assault,2.1,2,Banjara Hills,1
17.222526574583952,78.55498951559778,Assault,4.2,3,Unknown,1
17.427759259996517,78.3456656817443,Vehicle Theft,4.2,10,Financial District,0
17.414287471930006,78.41227588483093,Theft,9.8,20,Banjara Hills,1
17.36365977090881,78.56349803766469,Vehicle Theft,5.9,15,LB Nagar,0
17.435146734763624,78.33431939680864,Pickpocketing,4.1,17,Gachibowli,0
17.432961604166728,78.46984191228354,Robbery,6.2,21,Ameerpet,1
17.459962425414115,78.39063712943955,Robbery,7.6,1,Hitech City,1
17.431726477184785,78.33619790886549,Robbery,8.7,7,Gachibowli,0
17.36573194435095,78.47534883256525,Robbery,4.8,16,Charminar,0
17.448325013994054,78.45982352876037,Chain Snatching,2.3,10,Ameerpet,0
17.3693824695234,78.44284123972776,Drug Offense,9.9,8,Unknown,0
17.4303884266427,78.41260552771591,Robbery,6.9,12,Jubilee Hills,0
17.261260878921515,78.40685674840805,Drug Offense,8.3,3,Unknown,1
17.41322871298116,78.43241298884136,Robbery,5.0,18,Banjara Hills,0
17.424539386809727,78.37545956177613,Pickpocketing,6.7,19,Raidurg,0
17.206121587764876,78.49360506860708,Cybercrime,5.1,10,Unknown,0
17.423086603441167,78.49437550002551,Eve Teasing,7.2,14,Secunderabad,0
17.394635234594062,78.39622837096609,Eve Teasing,5.2,19,Tolichowki,0
17.461636749756362,78.4948485123713,Pickpocketing,5.9,9,Secunderabad,0
17.43905537874879,78.36036751284566,Cybercrime,5.8,0,Gachibowli,1
17.384963495989535,78.40976343196202,Cybercrime,2.9,16,Tolichowki,0
17.449104152172332,78.40055399394726,Drug Offense,9.7,23,Jubilee Hills,1
17.377351440473536,78.52890582466931,Vandalism,7.9,0,Dilsukhnagar,1
17.414838323994218,78.43370389204237,Cybercrime,9.1,10,Banjara Hills,0
17.401434318722966,78.40954265000734,Assault,8.9,2,Tolichowki,1
17.383753199871336,78.47884253122497,Vandalism,8.8,20,Charminar,1
17.584352145588333,78.63203424447568,Cybercrime,7.6,13,Unknown,0
17.43779853364478,78.43855267577906,Drug Offense,4.5,18,Ameerpet,0
17.402986873559716,78.4062554438796,Drug Offense,7.2,22,Tolichowki,1
17.419196518129596,78.4219710264988,Assault,8.3,12,Jubilee Hills,0
17.35995297218865,78.56698992266314,Assault,3.8,1,LB Nagar,1
17.449124170708355,78.36991754067152,Vehicle Theft,8.6,12,Gachibowli,0
17.45128108108919,78.43352719512063,Pickpocketing,7.8,1,Ameerpet,1
17.403616940137407,78.57593131185735,Robbery,4.2,7,Uppal,0
17.5469853001402,78.37555597628634,Pickpocketing,2.1,5,Unknown,1
17.344926525218135,78.47486996353356,Chain Snatching,8.5,4,Charminar,1
17.256291729985666,78.38948389995274,Chain Snatching,2.8,3,Shamshabad,1
17.37335313477208,78.46575852366556,Cybercrime,4.0,14,Charminar,0
17.43044978083009,78.37307413785402,Eve Teasing,8.2,11,Raidurg,0
17.475781729290738,78.41148265194184,Vandalism,2.6,3,Kukatpally,1
17.22616872782694,78.60659132572003,Vehicle Theft,9.0,17,Unknown,0
17.43150035220966,78.44368814604165,Vandalism,7.0,17,Ameerpet,0
17.41619231520354,78.36027906362652,Chain Snatching,5.8,1,Financial District,1
17.500922632070367,78.35689851551308,Drug Offense,2.4,22,Miyapur,1
17.508863280056655,78.35004560990633,Assault,9.3,3,Miyapur,1
17.43975926568808,78.39245855374695,Cybercrime,6.1,14,Raidurg,0
17.417765614993993,78.57599864283578,Chain Snatching,6.5,14,Unknown,0
17.398627982354082,78.41283688691459,Vandalism,2.7,1,Tolichowki,1
17.37666710584967,78.54123382933989,Vandalism,6.5,13,Dilsukhnagar,0
17.40998625048846,78.5826785478195,Cybercrime,4.4,16,Unknown,0
17.40268607555091,78.43149976933003,Vehicle Theft,2.7,9,Tolichowki,0
17.427927172457924,78.33675504649779,Pickpocketing,8.0,18,Financial District,0
17.39500823956377,78.42161231182229,Theft,8.5,16,Mehdipatnam,0
17.431522151079793,78.40406986880028,Vehicle Theft,2.7,12,Jubilee Hills,0
17.377124193892254,78.60615455278287,Assault,4.4,0,Unknown,1
17.463605600218436,78.37103641871698,Vandalism,5.6,13,Hitech City,0
17.44481854203779,78.32897824976972,Vandalism,6.2,23,Gachibowli,1
17.478533253550474,78.36583274721093,Drug Offense,9.5,18,Miyapur,0
17.358812913292248,78.46283440567333,Vehicle Theft,8.4,13,Charminar,0
17.2353564620859,78.41227162822817,Drug Offense,2.4,5,Shamshabad,1
17.41614238870817,78.35620201181364,Vehicle Theft,8.4,6,Financial District,0
17.343074545096805,78.4614652032384,Robbery,3.8,3,Charminar,1
17.26390073837273,78.40667620352656,Pickpocketing,9.7,0,Shamshabad,1
17.22632905632627,78.42977022576405,Eve Teasing,4.0,9,Unknown,0
17.427301759823703,78.4418424940242,Pickpocketing,4.7,7,Banjara Hills,0
17.396177904779393,78.44498392068063,Assault,4.4,9,Banjara Hills,0
17.40427758125355,78.4046605814896,Drug Offense,3.8,10,Tolichowki,0
17.49311657223976,78.34497858890666,Eve Teasing,9.7,20,Miyapur,1
17.425271038703556,78.3549992857523,Eve Teasing,7.7,11,Financial District,0
17.484012907773618,78.3954476449379,Eve Teasing,3.9,17,Kukatpally,0
17.25685588200174,78.3908601406689,Chain Snatching,2.8,13,Shamshabad,0
17.45022125601532,78.38105363328104,Chain Snatching,2.8,11,Hitech City,0
17.27030061597208,78.4148607374758,Robbery,9.5,16,Unknown,0
17.45501073523827,78.49281300255441,Pickpocketing,3.2,18,Secunderabad,0
17.38515539036421,78.56519704793243,Robbery,3.0,18,Uppal,0
17.42970504719491,78.32743623983961,Pickpocketing,5.2,6,Financial District,0
17.431238847239857,78.37602365929934,Cybercrime,3.9,9,Hitech City,0
17.433002531471857,78.43455486081193,Cybercrime,7.2,15,Banjara Hills,0
17.35325664874328,78.47143982016122,Robbery,7.9,7,Charminar,0
17.409403366441573,78.39411870003529,Eve Teasing,4.4,20,Raidurg,1
17.260932900486498,78.3896262704472,Vandalism,7.9,22,Shamshabad,1
17.435680383238,78.43392090995431,Assault,3.0,18,Banjara Hills,0
17.500034457863592,78.34676787377423,Vandalism,7.8,20,Miyapur,1
17.461011095041503,78.3654033794921,Drug Offense,2.6,2,Hitech City,1
17.384474975813117,78.42958954856067,Eve Teasing,8.5,22,Mehdipatnam,1
17.491614413140617,78.36297679834463,Theft,10.0,20,Miyapur,1
17.412561407771218,78.41705753530007,Eve Teasing,2.8,14,Banjara Hills,0
17.386678598628723,78.52858915659603,Cybercrime,8.6,19,Dilsukhnagar,0
17.41099583197854,78.42480013116001,Assault,7.6,8,Tolichowki,0
17.43216315714927,78.34405583966257,Drug Offense,2.4,8,Gachibowli,0
17.424873006825305,78.43183774341483,Vehicle Theft,8.0,18,Banjara Hills,0
17.25635247641743,78.40261371368338,Chain Snatching,6.5,10,Shamshabad,0
17.410306077016152,78.33678422202934,Assault,6.1,13,Nanakramguda,0
17.47832602093439,78.38919676589092,Vehicle Theft,4.8,7,Kukatpally,0
17.44421671797707,78.40190698260221,Robbery,4.8,4,Jubilee Hills,1
17.419875393192168,78.34788234300467,Vandalism,4.8,18,Gachibowli,0
17.41812762545777,78.40016103243565,Assault,6.6,17,Jubilee Hills,0
17.430020785758188,78.35167868466618,Vandalism,5.2,19,Nanakramguda,0
17.415452363359,78.5363491326162,Theft,4.0,3,Unknown,1
17.405579096825335,78.39320971119017,Cybercrime,6.2,5,Raidurg,1
17.252023730875646,78.5108970667916,Theft,2.3,22,Unknown,1
17.419879739284884,78.43419076717485,Vehicle Theft,6.6,18,Ameerpet,0
17.50514664502569,78.35887181152061,Robbery,7.0,15,Miyapur,0
17.385568436650736,78.398492259258,Vehicle Theft,4.6,7,Tolichowki,0
17.494245119072648,78.370653141483,Vehicle Theft,9.5,0,Unknown,1
17.474237188661824,78.41344291899117,Cybercrime,4.1,23,Unknown,1
17.41533150409538,78.40077762103033,Theft,3.3,0,Tolichowki,1
17.349297746854234,78.46631463557553,Theft,4.0,14,Charminar,0
17.51671714922166,78.41556600369685,Chain Snatching,2.6,22,Unknown,1
17.38271323161402,78.42118204021098,Eve Teasing,7.6,14,Mehdipatnam,0
17.41913449331161,78.41573678058889,Assault,6.8,7,Jubilee Hills,0
17.376432977616624,78.41269120933502,Eve Teasing,7.3,13,Tolichowki,0
17.413696801146088,78.40117800244856,Theft,5.1,14,Raidurg,0
17.395200715193507,78.4113405946909,Chain Snatching,9.9,0,Tolichowki,1
17.40276366833741,78.42947253569893,Robbery,2.1,0,Mehdipatnam,1
17.386383658914884,78.56636280071477,Eve Teasing,6.3,14,Uppal,0
17.47807947224726,78.3619820074489,Cybercrime,4.2,23,Miyapur,1
17.33999761207642,78.50848813719706,Vehicle Theft,7.9,22,Unknown,1
17.238266167738214,78.41866221420568,Vehicle Theft,4.6,12,Shamshabad,0
17.458243820063945,78.44352783644614,Robbery,8.4,23,Ameerpet,1
17.42509460441427,78.44765804154407,Pickpocketing,5.3,16,Banjara Hills,0
17.399216437720973,78.43574084983634,Cybercrime,4.9,8,Banjara Hills,0
17.37690087440324,78.51879558838621,Eve Teasing,8.0,6,Dilsukhnagar,0
17.43844473180332,78.36313567631143,Theft,4.9,5,Gachibowli,1
17.445565060369056,78.4233290739191,Pickpocketing,3.8,2,Jubilee Hills,1
17.45024848035316,78.50185865713911,Drug Offense,6.5,1,Secunderabad,1
17.404120663235783,78.3470537498084,Theft,9.3,21,Financial District,1
17.526508519632188,78.53551307880046,Pickpocketing,6.4,15,Unknown,0
17.349835505610546,78.39137547079335,Cybercrime,6.4,3,Unknown,1
17.363210453139768,78.51304816744427,Vehicle Theft,9.0,22,Dilsukhnagar,1
17.467649932190472,78.32667639419107,Eve Teasing,2.2,1,Unknown,1
17.392672140869305,78.4322369804067,Robbery,5.8,3,Tolichowki,1
17.33792362807662,78.5703962972404,Drug Offense,9.7,20,LB Nagar,1
17.436009420192903,78.33980547320625,Pickpocketing,7.4,8,Nanakramguda,0
17.473863496373756,78.61487145819221,Eve Teasing,6.7,9,Unknown,0
17.430095122210503,78.48936406380959,Assault,3.4,3,Secunderabad,1
17.386327289059654,78.35923273367273,Chain Snatching,7.9,5,Unknown,1
17.26839749144276,78.39557463507346,Drug Offense,4.4,13,Shamshabad,0
17.418029035837503,78.33883634717645,Vehicle Theft,2.3,11,Nanakramguda,0
17.413142577695005,78.35870684058501,Chain Snatching,9.5,14,Nanakramguda,0
17.419429848779032,78.36506618208026,Robbery,5.5,15,Nanakramguda,0
17.422218487063837,78.6421499008659,Cybercrime,3.4,21,Unknown,1
17.40682796028306,78.39855769523909,Assault,5.9,2,Tolichowki,1
17.245119206176895,78.41471674971885,Drug Offense,7.4,16,Shamshabad,0
17.381928465629574,78.45111977968467,Vehicle Theft,4.6,4,Mehdipatnam,1
17.4317626454119,78.379727528084,Pickpocketing,2.2,6,Hitech City,0
17.485502880704708,78.46823371476944,Cybercrime,3.1,0,Unknown,1
17.228469682713506,78.52417404237566,Cybercrime,2.8,14,Unknown,0
17.35941525097505,78.49191419045805,Vehicle Theft,7.6,1,Charminar,1
17.40970899523389,78.33055799695104,Drug Offense,3.9,15,Nanakramguda,0
17.432080029390878,78.43336592595553,Robbery,8.3,20,Banjara Hills,1
17.461256249127292,78.36471603064258,Vandalism,9.0,22,Hitech City,1
17.4206983498045,78.50280742098339,Robbery,9.4,6,Secunderabad,0
17.396489577672625,78.41680342493183,Vehicle Theft,8.8,9,Tolichowki,0
17.393170436705255,78.4136957662118,Chain Snatching,2.3,6,Mehdipatnam,0
17.412024853638826,78.36338907910105,Vehicle Theft,9.5,20,Raidurg,1
17.366616492800397,78.47671797501084,Theft,3.4,6,Charminar,0
17.394189023244618,78.45359996225405,Eve Teasing,9.4,19,Mehdipatnam,0
17.412364550654477,78.34770862935677,Chain Snatching,9.2,22,Nanakramguda,1
17.490051641871222,78.35220012485271,Vehicle Theft,4.8,20,Miyapur,1
17.479166362000576,78.36462157307537,Assault,4.5,3,Miyapur,1
17.495107855334084,78.38343306082893,Drug Offense,7.1,13,Kukatpally,0
17.43239710695873,78.43067541879958,Chain Snatching,2.0,20,Ameerpet,1
17.53213191006413,78.60403288204495,Cybercrime,7.6,14,Unknown,0
17.415989453062796,78.54018388699154,Robbery,8.4,16,Unknown,0
17.39709382513598,78.42698598543937,Cybercrime,6.5,6,Mehdipatnam,0
17.362603882751706,78.4719709691262,Cybercrime,7.6,6,Charminar,0
17.28655660291394,78.52653841931838,Vehicle Theft,5.3,8,Unknown,0
17.433313766815015,78.37495063247353,Vehicle Theft,4.0,15,Hitech City,0
17.406485243422868,78.35579879728267,Vandalism,7.0,10,Nanakramguda,0
17.433105670814335,78.39221893697253,Vandalism,8.0,22,Hitech City,1
17.362895467516783,78.53177655029637,Assault,9.5,23,Dilsukhnagar,1
17.486388335703328,78.38693169955103,Chain Snatching,6.1,1,Unknown,1
17.515633758684316,78.39123032948363,Cybercrime,4.3,1,Kukatpally,1
17.383294799328645,78.53985043347782,Vandalism,2.9,10,Dilsukhnagar,0
17.424349628172973,78.418475991493,Theft,2.5,9,Banjara Hills,0
17.481893907172783,78.39302180329926,Vehicle Theft,8.2,10,Kukatpally,0
17.3824351434535,78.54450880416707,Drug Offense,8.1,8,Dilsukhnagar,0
17.348600627633132,78.4590082022209,Vehicle Theft,8.6,2,Charminar,1
17.2098998076856,78.44101531528867,Robbery,7.6,23,Unknown,1
17.423287850982135,78.4650199433813,Drug Offense,8.7,10,Ameerpet,0
17.346314673001327,78.49109196777297,Drug Offense,7.8,9,Unknown,0
17.424274710639335,78.34577195539643,Eve Teasing,9.2,9,Unknown,0
17.436129013534927,78.43944731082345,Drug Offense,8.4,21,Unknown,1
17.34851121189882,78.47697124294524,Robbery,7.1,9,Unknown,0
17.43828126120253,78.64331213696154,Cybercrime,7.7,2,Unknown,1
17.527404960271614,78.50296032743066,Pickpocketing,6.1,13,Unknown,0
17.274879870629004,78.41232111859044,Eve Teasing,7.4,9,Unknown,0
17.410917818578792,78.39819782920581,Chain Snatching,5.4,12,Jubilee Hills,0
17.40290570403005,78.42768816194693,Drug Offense,5.2,3,Mehdipatnam,1
17.402315704463025,78.34840506513845,Vehicle Theft,4.1,0,Financial District,1
17.409059516027096,78.40840483909392,Chain Snatching,5.1,23,Jubilee Hills,1
17.378429627926447,78.5235356286369,Vandalism,9.6,12,Dilsukhnagar,0
17.45060834659096,78.43696502057996,Cybercrime,3.8,18,Unknown,0
17.53231638027401,78.39058304160731,Cybercrime,5.5,14,Unknown,0
17.421131536507843,78.44296956039817,Drug Offense,6.8,14,Banjara Hills,0
17.426207900613186,78.4019571664446,Eve Teasing,8.4,17,Raidurg,0
17.417580802881147,78.42038325085656,Vehicle Theft,5.0,19,Banjara Hills,0
17.20384015697628,78.62536487370879,Pickpocketing,7.1,2,Unknown,1
17.381879545516725,78.5712778932639,Assault,6.8,13,Uppal,0
17.449124463524726,78.58339134293173,Theft,2.6,20,Unknown,1
17.34962599303766,78.5589559316946,Pickpocketing,3.5,2,LB Nagar,1
17.456584253598063,78.48327786710449,Chain Snatching,8.2,20,Secunderabad,1
17.37620695648129,78.4290037863314,Eve Teasing,8.5,2,Mehdipatnam,1
17.424219941469797,78.3983260279914,Vehicle Theft,8.1,9,Jubilee Hills,0
17.49119127627892,78.35646295101411,Assault,8.7,2,Miyapur,1
17.434494046528595,78.34119125852861,Pickpocketing,7.6,12,Gachibowli,0
17.42525207833576,78.35935842711523,Theft,6.3,1,Raidurg,1
17.507018614688985,78.41424685686913,Cybercrime,3.1,22,Kukatpally,1
17.38670607874396,78.45025507028029,Assault,2.5,14,Mehdipatnam,0
17.416195524305813,78.42133207906306,Cybercrime,5.1,0,Banjara Hills,1
17.370659769379753,78.55080684045225,Assault,3.7,1,Dilsukhnagar,1
17.453396766802218,78.39239129761917,Robbery,5.0,5,Hitech City,1
17.422419875823245,78.48352316770361,Chain Snatching,7.7,9,Secunderabad,0
17.450725695853727,78.36237305953307,Eve Teasing,7.8,17,Hitech City,0
17.365104837171188,78.4711686528234,Pickpocketing,2.7,9,Charminar,0
17.590978814827324,78.60930265414363,Drug Offense,8.4,3,Unknown,1
17.425196099673187,78.37314044040212,Robbery,8.7,11,Raidurg,0
17.593395123858514,78.64821851171735,Drug Offense,9.3,6,Unknown,0
17.358228585981813,78.4356090415914,Cybercrime,8.6,14,Unknown,0
17.511015453680564,78.39541315203589,Chain Snatching,4.7,8,Kukatpally,0
17.499684148241244,78.384973970801,Eve Teasing,3.1,1,Kukatpally,1
17.413035605303946,78.3942717619346,Chain Snatching,4.4,2,Jubilee Hills,1
17.490505368572613,78.38553557792291,Vandalism,5.6,4,Kukatpally,1
17.38898715290918,78.42903922847621,Assault,7.8,7,Mehdipatnam,0
17.441591542817488,78.45562799776376,Cybercrime,4.4,14,Ameerpet,0
17.47863732012649,78.3042848048368,Cybercrime,5.4,2,Unknown,1
17.348092798879176,78.47060644443849,Chain Snatching,2.7,7,Charminar,0
17.256652086537752,78.40233022991892,Cybercrime,4.4,19,Shamshabad,0
17.36989039852321,78.47359340902916,Eve Teasing,5.3,3,Charminar,1
17.435221348755974,78.3337508963162,Robbery,3.0,14,Gachibowli,0
17.507519444053244,78.33039374185147,Vehicle Theft,9.7,6,Unknown,0
17.40950955869143,78.42298823158681,Vehicle Theft,5.3,20,Tolichowki,1
17.477030209424306,78.63843466819273,Eve Teasing,8.0,8,Unknown,0
17.39529225618178,78.45014365850658,Cybercrime,4.0,14,Mehdipatnam,0
17.430789305755802,78.49022268490695,Pickpocketing,5.6,14,Secunderabad,0
17.236906134300035,78.53031071213279,Drug Offense,5.2,18,Unknown,0
17.456460860641773,78.36727819931174,Eve Teasing,9.3,12,Unknown,0
17.417252416317996,78.327433161529,Eve Teasing,4.5,14,Nanakramguda,0
17.440992069473605,78.6474030667996,Pickpocketing,7.2,6,Unknown,0
17.461659425490897,78.35517515454744,Eve Teasing,4.1,0,Gachibowli,1
17.38370624876421,78.44388468909446,Cybercrime,9.3,15,Mehdipatnam,0
17.379860564131405,78.53000183836751,Pickpocketing,10.0,21,Dilsukhnagar,1
17.414558004367123,78.43231918182289,Robbery,8.1,3,Mehdipatnam,1
17.43250881921253,78.33710357036992,Theft,6.7,12,Financial District,0
17.478108780255276,78.34972781920489,Drug Offense,9.6,9,Miyapur,0
17.409540212990596,78.54889303467628,Vehicle Theft,3.3,21,Uppal,1
17.217344283022317,78.36064120200228,Chain Snatching,2.9,10,Unknown,0
17.27650424138401,78.6340173823012,Assault,7.4,3,Unknown,1
17.44331630353186,78.50184579617493,Robbery,5.1,14,Secunderabad,0
17.411120654289732,78.32262021626636,Drug Offense,3.9,9,Financial District,0
17.360463763118307,78.54560025096725,Cybercrime,8.2,5,Dilsukhnagar,1
17.40586463238605,78.37379779642926,Pickpocketing,5.2,22,Raidurg,1
17.38120348669334,78.42005004408637,Vehicle Theft,9.6,22,Tolichowki,1
17.55243565900724,78.47540573468406,Cybercrime,6.4,2,Unknown,1
17.482257179906057,78.36847320891307,Pickpocketing,8.7,22,Miyapur,1
17.48311470304818,78.40242092007583,Drug Offense,3.8,5,Unknown,1
17.48751452339569,78.36935914932789,Pickpocketing,9.6,17,Miyapur,0
17.24292548555963,78.4181841389644,Pickpocketing,7.1,21,Shamshabad,1
17.592027994226875,78.54918733615273,Pickpocketing,6.2,2,Unknown,1
17.576926065166997,78.54101803401394,Pickpocketing,3.0,19,Unknown,0
17.465770667489803,78.39794287256694,Robbery,8.3,4,Unknown,1
17.48359314111112,78.36871066742002,Vandalism,5.5,8,Miyapur,0
17.480661958912773,78.37485442787981,Drug Offense,2.3,23,Miyapur,1
17.411786073908587,78.45573796138962,Vandalism,4.6,13,Banjara Hills,0
17.439598598557343,78.32991534903226,Chain Snatching,8.4,12,Gachibowli,0
17.40755994948297,78.42052488195947,Vehicle Theft,9.6,15,Tolichowki,0
17.506292203048147,78.35669727806132,Vehicle Theft,5.1,7,Miyapur,0
17.485009213332432,78.3825722710727,Drug Offense,2.8,19,Kukatpally,0
17.40551307922867,78.56333736412691,Chain Snatching,4.2,10,Uppal,0
17.418742450748216,78.35316816376343,Theft,7.3,15,Gachibowli,0
17.45428523344968,78.33719544817998,Assault,6.0,5,Gachibowli,1
17.51308033598392,78.3455522777274,Robbery,7.1,17,Miyapur,0
17.495730008337187,78.38907219910386,Vehicle Theft,3.9,13,Kukatpally,0
17.381402383064916,78.41934068373072,Robbery,9.9,11,Unknown,0
17.58114807784493,78.58205648412537,Robbery,7.3,20,Unknown,1
17.415644949233144,78.45284508576988,Chain Snatching,8.4,18,Banjara Hills,0
17.392710992282293,78.56674473887712,Cybercrime,9.7,18,Uppal,0
17.41682550624919,78.35592399517061,Robbery,9.0,5,Financial District,1
17.419011327807976,78.45621006899466,Robbery,8.8,5,Ameerpet,1
17.431064113961483,78.40552831986264,Chain Snatching,5.3,19,Jubilee Hills,0
17.503089769737198,78.36249217339981,Robbery,4.3,23,Miyapur,1
17.35087197112478,78.64456329657033,Theft,7.2,8,Unknown,0
17.53026174395471,78.64894454984429,Robbery,3.2,2,Unknown,1
17.367977647994675,78.48490529246443,Pickpocketing,9.4,22,Charminar,1
17.390161016622724,78.4045618162229,Vandalism,9.0,11,Tolichowki,0
17.442461122966012,78.38241021824173,Pickpocketing,7.5,7,Raidurg,0
17.465566252645512,78.45513546483913,Eve Teasing,7.5,11,Unknown,0
17.382212382006696,78.5232325209869,Pickpocketing,4.0,0,Dilsukhnagar,1
17.530799483642014,78.43875285070625,Vehicle Theft,2.2,1,Unknown,1
17.494987442294143,78.37668221856177,Robbery,2.9,17,Miyapur,0
17.490292404596815,78.37774766069614,Cybercrime,6.5,20,Kukatpally,1
17.431261312918487,78.4107967628328,Drug Offense,5.7,9,Jubilee Hills,0
17.424547550180556,78.44876440417345,Vehicle Theft,5.4,19,Ameerpet,0
17.43080478871299,78.4278349639776,Chain Snatching,8.9,22,Jubilee Hills,1
17.38393096007978,78.40024907469774,Assault,4.6,10,Tolichowki,0
17.38253015309295,78.41595617226338,Chain Snatching,3.3,21,Mehdipatnam,1
17.463839806970995,78.38612216002953,Pickpocketing,9.1,20,Hitech City,1
17.390886722250766,78.45119157538647,Cybercrime,6.9,10,Mehdipatnam,0
17.453602193777566,78.31823415440087,Robbery,5.1,10,Unknown,0
17.385097093799903,78.52348719706129,Theft,8.9,9,Dilsukhnagar,0
17.421157270905113,78.43559465837359,Chain Snatching,3.9,5,Ameerpet,1
17.39892626989113,78.44526032500507,Vandalism,9.6,15,Banjara Hills,0
17.44272231679387,78.41926885582868,Vandalism,6.1,10,Jubilee Hills,0
17.37743334431904,78.43376415822813,Robbery,7.2,11,Mehdipatnam,0
17.348469405960458,78.57286928244207,Theft,3.1,18,LB Nagar,0
17.39539816717066,78.36815979708778,Cybercrime,7.7,8,Unknown,0
17.31429440828685,78.52738320412591,Theft,7.3,17,Unknown,0
17.44613104118953,78.3935169998572,Chain Snatching,3.8,20,Hitech City,1
17.354398296677797,78.5452573497809,Chain Snatching,3.2,21,LB Nagar,1
17.313449949947337,78.34273550840638,Robbery,8.4,20,Unknown,1
17.43855063522113,78.4247291211159,Vandalism,7.1,18,Jubilee Hills,0
17.556223383208845,78.60178021771608,Theft,3.1,13,Unknown,0
17.489199065906067,78.39261703808693,Drug Offense,9.6,20,Kukatpally,1
17.381434189005418,78.41783462545905,Cybercrime,4.9,22,Mehdipatnam,1
17.282126651528387,78.35943587280343,Robbery,2.4,7,Unknown,0
17.437240516648433,78.48741761852791,Pickpocketing,2.7,21,Secunderabad,1
17.377676250020198,78.52502107958637,Theft,7.7,2,Dilsukhnagar,1
17.413699959434826,78.35864750221498,Chain Snatching,6.4,17,Financial District,0
17.47129196320755,78.5883909708544,Eve Teasing,8.3,13,Unknown,0
17.371753949253687,78.54141430858112,Chain Snatching,7.9,1,Unknown,1
17.37294839386485,78.5259809321302,Chain Snatching,8.1,8,Dilsukhnagar,0
17.401588944252193,78.41576984123175,Theft,3.0,19,Tolichowki,0
17.372502951257193,78.51960431650944,Theft,3.2,3,Dilsukhnagar,1
17.455423345264336,78.3654759657748,Assault,7.3,18,Hitech City,0
17.407103068954115,78.3795786758994,Cybercrime,3.3,18,Raidurg,0
17.406420951757607,78.41539464041293,Robbery,9.1,9,Mehdipatnam,0
17.489536772664046,78.34628513810999,Vandalism,8.6,9,Miyapur,0
17.436459370997046,78.44257837081459,Eve Teasing,5.3,3,Ameerpet,1
17.302469555510125,78.47130841912667,Drug Offense,2.1,17,Unknown,0
17.421659210505137,78.42700181371686,Chain Snatching,6.9,0,Banjara Hills,1
17.257318424421467,78.42359270170834,Vehicle Theft,8.0,9,Shamshabad,0
17.202984526885146,78.63692308973324,Drug Offense,4.0,6,Unknown,0
17.38164153970318,78.54645026307377,Drug Offense,7.9,6,Uppal,0
17.40644996186114,78.41958363957653,Drug Offense,7.8,5,Mehdipatnam,1
17.49907083378102,78.3553617215953,Vehicle Theft,4.0,8,Miyapur,0
17.446965265590247,78.39234890434605,Assault,9.7,14,Jubilee Hills,0
17.42562763780944,78.39670302261939,Pickpocketing,5.1,0,Raidurg,1
17.43647602181286,78.39416412694163,Robbery,6.9,9,Jubilee Hills,0
17.49403812985337,78.39366361758094,Chain Snatching,3.8,19,Kukatpally,0
17.40045637429853,78.57989462013124,Drug Offense,4.9,9,Uppal,0
17.566321077231944,78.3746284699613,Eve Teasing,9.0,4,Unknown,1
17.492556282648756,78.3705728450934,Vandalism,2.8,1,Unknown,1
17.4405285521236,78.39026332702451,Cybercrime,7.0,12,Jubilee Hills,0
17.41330166605188,78.35889797551842,Pickpocketing,3.4,1,Financial District,1
17.38352384256585,78.57531871321,Pickpocketing,8.2,16,Uppal,0
17.406589899159762,78.42608476694978,Chain Snatching,8.5,10,Tolichowki,0
17.250440787411165,78.42640292348355,Drug Offense,5.7,22,Shamshabad,1
17.305594680753845,78.43747127788158,Cybercrime,6.1,13,Unknown,0
17.37640882484752,78.48677791696228,Pickpocketing,9.8,23,Charminar,1
17.353350381895957,78.54648476999589,Eve Teasing,6.7,0,Dilsukhnagar,1
17.260829169172727,78.4099800234472,Drug Offense,7.1,21,Shamshabad,1
17.45297729091127,78.49419162920898,Theft,4.7,14,Secunderabad,0
17.41680082464097,78.35813609033474,Vandalism,4.0,6,Nanakramguda,0
17.41236558195402,78.4062609974988,Cybercrime,9.8,8,Jubilee Hills,0
17.383974403919193,78.40171877007667,Pickpocketing,5.8,5,Tolichowki,1
17.42718663791114,78.40441060397231,Pickpocketing,8.6,4,Jubilee Hills,1
17.25272638974701,78.41351284439455,Robbery,2.7,10,Shamshabad,0
17.374904392616784,78.53758059561322,Vandalism,6.1,2,Dilsukhnagar,1
17.413358306952343,78.4136304904823,Assault,7.8,2,Banjara Hills,1
17.45316841676661,78.37760445990979,Eve Teasing,6.1,14,Hitech City,0
17.414768390476723,78.41413634257574,Pickpocketing,3.6,20,Tolichowki,1
17.44717426110444,78.51308593816508,Eve Teasing,2.6,9,Secunderabad,0
17.522796399684342,78.62878359066477,Vandalism,3.0,19,Unknown,0
17.395692882089964,78.61445890687119,Eve Teasing,6.0,11,Unknown,0
17.363290249254103,78.48621972268603,Vandalism,3.8,13,Unknown,0
17.346566672541847,78.46129351139072,Vandalism,9.4,14,Charminar,0
17.49712695739726,78.37525224465656,Chain Snatching,8.8,18,Miyapur,0
17.378456978090536,78.41766779155869,Robbery,6.6,8,Tolichowki,0
17.399017988739857,78.33797179485367,Vandalism,2.7,1,Financial District,1
17.498258224294194,78.3560561892125,Pickpocketing,3.8,21,Miyapur,1
17.414836925893162,78.38324121212678,Pickpocketing,2.8,17,Raidurg,0
17.273585275027127,78.49666320599252,Chain Snatching,6.0,10,Unknown,0
17.479789598618414,78.38705676895675,Chain Snatching,2.0,12,Kukatpally,0
17.50651961056964,78.36064100861248,Cybercrime,3.6,22,Miyapur,1
17.511706229560783,78.35951326593793,Vehicle Theft,7.9,17,Miyapur,0
17.406139838821154,78.44961148329993,Assault,6.8,23,Mehdipatnam,1
17.458303543440966,78.44261441092539,Vehicle Theft,2.2,11,Ameerpet,0
17.495433843588817,78.38293779200868,Eve Teasing,6.8,10,Kukatpally,0
17.43473006148246,78.4184209544178,Cybercrime,4.8,19,Jubilee Hills,0
17.44325831734712,78.37727874572741,Vandalism,4.6,9,Raidurg,0
17.456339192808652,78.37547139769062,Cybercrime,9.0,2,Hitech City,1
17.50854584743859,78.3230361781062,Assault,4.7,18,Unknown,0
17.502656327949502,78.37405466863778,Theft,8.6,20,Miyapur,1
17.444665082224585,78.49884664011368,Eve Teasing,6.9,5,Secunderabad,1
17.511296014765556,78.35564045165648,Vehicle Theft,9.4,5,Miyapur,1
17.504286785980035,78.39229329443212,Theft,6.1,0,Kukatpally,1
17.484948621274313,78.40879234270496,Theft,3.5,7,Kukatpally,0
17.476312365670932,78.39716183004478,Theft,7.5,2,Kukatpally,1
17.357033888236217,78.42942032201019,Pickpocketing,5.6,21,Unknown,1
17.461243932456117,78.49392058516479,Cybercrime,5.9,9,Secunderabad,0
17.35212107332673,78.55665630267636,Drug Offense,9.4,23,LB Nagar,1
17.459461410115264,78.39091351210858,Eve Teasing,2.7,11,Hitech City,0
17.40549208693283,78.43084240006354,Robbery,2.7,12,Banjara Hills,0
17.40833848118408,78.5571240135259,Drug Offense,6.9,13,Uppal,0
17.383592064612714,78.44777751408324,Eve Teasing,9.7,12,Mehdipatnam,0
17.492700704814357,78.3624624535453,Robbery,5.6,19,Miyapur,0
17.59593125284756,78.38487571107704,Pickpocketing,5.2,13,Unknown,0
17.434983546942053,78.33938048111622,Vandalism,7.8,17,Financial District,0
17.427199281692623,78.35396662690917,Chain Snatching,4.5,15,Gachibowli,0
17.50269592110836,78.37743599916986,Chain Snatching,6.9,23,Miyapur,1
17.393625317149684,78.54271480280688,Cybercrime,6.8,0,Uppal,1
17.386824411893198,78.55948742959869,Theft,8.7,23,Uppal,1
17.428685967275285,78.4170488112457,Drug Offense,4.1,12,Banjara Hills,0
17.400637007638377,78.45424800923311,Vehicle Theft,5.0,10,Mehdipatnam,0
17.433802030662548,78.37870009310085,Chain Snatching,7.0,12,Hitech City,0
17.413377785347738,78.32893232523371,Theft,2.5,4,Nanakramguda,1
17.41288117894847,78.32105401923221,Cybercrime,5.4,12,Nanakramguda,0
17.332071205741332,78.54226849652352,Theft,7.5,19,LB Nagar,0
17.418558548806313,78.44776242493204,Theft,5.6,22,Banjara Hills,1
17.452129970411324,78.36161161161021,Vandalism,7.1,19,Hitech City,0
17.359952960501566,78.54424259834039,Chain Snatching,8.3,4,LB Nagar,1
17.364920627127646,78.51500233576724,Vandalism,4.6,18,Dilsukhnagar,0
17.398326119381995,78.40721650331682,Eve Teasing,6.4,19,Tolichowki,0
17.350856568412947,78.45514614820064,Assault,9.0,15,Charminar,0
17.443404781146494,78.46740735333346,Theft,3.4,5,Ameerpet,1
17.444341170076008,78.46600919632971,Pickpocketing,6.0,13,Ameerpet,0
17.49247000692026,78.39190302276904,Eve Teasing,6.1,8,Kukatpally,0
17.488016426815122,78.3885991657854,Cybercrime,9.1,12,Kukatpally,0
17.438996136035236,78.33988185071773,Vandalism,2.1,20,Gachibowli,1
17.25602647383611,78.56447138105945,Robbery,4.9,13,Unknown,0
17.391882230845233,78.56053897866957,Pickpocketing,3.6,16,Uppal,0
17.412199865737698,78.37158668356427,Pickpocketing,4.2,23,Raidurg,1
17.229618191793772,78.36482174441713,Cybercrime,5.5,2,Unknown,1
17.39522265670188,78.5631297445059,Cybercrime,7.5,9,Uppal,0
17.359453071399123,78.5497312620641,Vandalism,3.8,20,Dilsukhnagar,1
17.438656641375687,78.39442125230251,Vehicle Theft,5.7,9,Jubilee Hills,0
17.41885770155884,78.42287723854923,Cybercrime,6.6,15,Tolichowki,0
17.360010370322907,78.53041040865611,Cybercrime,8.7,3,Dilsukhnagar,1
17.22079066080121,78.49078103591282,Chain Snatching,5.4,13,Unknown,0
17.427454853018336,78.35135845446285,Pickpocketing,2.2,16,Gachibowli,0
17.405260000922354,78.5728144878158,Pickpocketing,2.3,20,Uppal,1
17.495092927072843,78.41464720753872,Robbery,6.7,22,Kukatpally,1
17.411449793909767,78.5724038019616,Theft,8.6,20,Uppal,1
17.373844550497502,78.53184227280242,Theft,2.4,3,Dilsukhnagar,1
17.563436512571517,78.5713839121865,Theft,10.0,6,Unknown,0
17.369877149898326,78.55393376216607,Drug Offense,4.2,22,Dilsukhnagar,1
17.496080394811365,78.40346080498259,Chain Snatching,9.2,18,Kukatpally,0
17.381964233849104,78.53087914974462,Cybercrime,8.5,5,Dilsukhnagar,1
17.256660536538455,78.38428244087368,Cybercrime,8.5,23,Shamshabad,1
17.424215702704334,78.43550419665925,Chain Snatching,8.9,5,Banjara Hills,1
17.44320223299497,78.5040135049751,Chain Snatching,2.6,13,Secunderabad,0
17.24092775462117,78.60149000289736,Drug Offense,2.1,6,Unknown,0
17.440410732054016,78.36477029270799,Vehicle Theft,7.9,0,Raidurg,1
17.432320912426544,78.47670077369166,Cybercrime,2.7,10,Secunderabad,0
17.48495265067457,78.38433532907227,Chain Snatching,3.1,16,Kukatpally,0
17.422009495958616,78.43834044751085,Pickpocketing,4.1,11,Ameerpet,0
17.383678100728577,78.54602361632621,Vandalism,2.1,18,Uppal,0
17.39365064465366,78.54784055232376,Pickpocketing,5.5,18,Uppal,0
17.420275577164702,78.3540893503199,Theft,4.9,20,Nanakramguda,1
17.330440313286758,78.56465486856484,Assault,3.6,21,LB Nagar,1
17.570931261711728,78.63094910030107,Vandalism,7.6,10,Unknown,0
17.42263237374085,78.36247591331446,Drug Offense,7.6,21,Nanakramguda,1
17.372542640411528,78.50987726379947,Robbery,9.7,8,Dilsukhnagar,0
17.402407087284697,78.58241370422878,Vandalism,7.9,23,Unknown,1
17.24251151390033,78.53774759049257,Drug Offense,4.5,1,Unknown,1
17.355142071783565,78.49129394569565,Drug Offense,2.3,4,Charminar,1
17.489042703181077,78.59453351244508,Vehicle Theft,3.8,19,Unknown,0
17.356698436488433,78.54164648971528,Pickpocketing,9.9,17,LB Nagar,0
17.43030250655168,78.37369847683298,Chain Snatching,8.4,11,Raidurg,0
17.444944197680776,78.33542624299471,Eve Teasing,5.3,18,Gachibowli,0
17.58043726154128,78.56827667171633,Theft,3.3,13,Unknown,0
17.40397572963452,78.46797258765244,Eve Teasing,7.5,8,Unknown,0
17.366240753650164,78.55560812711069,Vehicle Theft,8.0,8,LB Nagar,0
17.542542339996785,78.53054975186423,Pickpocketing,2.9,9,Unknown,0
17.489155635917676,78.34084203821716,Pickpocketing,3.2,15,Miyapur,0
17.35574106799015,78.56736187991999,Eve Teasing,2.3,3,Unknown,1
17.290778427031913,78.60558482707718,Assault,7.5,16,Unknown,0
17.440574739328344,78.3444843111598,Robbery,3.5,7,Gachibowli,0
17.33377076233186,78.55589187709614,Drug Offense,4.7,22,LB Nagar,1
17.425876171298462,78.46161505431027,Robbery,9.5,23,Ameerpet,1
17.447552171947986,78.36932096229533,Assault,7.1,20,Gachibowli,1
17.522617625346342,78.43942177664286,Eve Teasing,4.3,14,Unknown,0
17.360666759944525,78.53237071655333,Eve Teasing,2.2,22,Dilsukhnagar,1
17.396236513830786,78.44674991964041,Pickpocketing,8.4,21,Mehdipatnam,1
17.230135275776693,78.51888430806055,Assault,8.7,8,Unknown,0
17.431784920664555,78.38106927910914,Cybercrime,7.9,1,Raidurg,1
17.352160079505065,78.53606592549498,Pickpocketing,9.0,1,Dilsukhnagar,1
17.428237180562427,78.44801147485043,Theft,3.5,0,Ameerpet,1
17.41662229218037,78.32527409486087,Pickpocketing,5.5,2,Unknown,1
17.23598080863203,78.5976897403422,Assault,3.5,21,Unknown,1
17.40859565190102,78.34791750286203,Vandalism,3.3,11,Unknown,0
17.455163649471572,78.36024305550119,Vandalism,7.4,11,Hitech City,0
17.430421554647445,78.38844059393227,Drug Offense,8.2,16,Hitech City,0
17.43341360134327,78.43401082512561,Cybercrime,9.1,5,Banjara Hills,1
17.394184240979886,78.36121718834247,Drug Offense,9.0,0,Unknown,1
17.433309604912534,78.3635504943601,Vandalism,7.2,13,Gachibowli,0
17.33716255089451,78.38736180841705,Assault,7.7,10,Unknown,0
17.47928260430732,78.41099378052911,Vehicle Theft,2.2,16,Kukatpally,0
17.398563273327103,78.43447766387462,Vandalism,2.2,11,Banjara Hills,0
17.522746612007918,78.32410723749712,Theft,6.7,15,Unknown,0
17.422251140479386,78.37021240315383,Vandalism,8.1,6,Raidurg,0
17.396773481499437,78.57818614071769,Assault,6.3,12,Uppal,0
17.504825536973307,78.45881370802233,Vehicle Theft,3.5,0,Unknown,1
17.245840407873462,78.40720811400668,Vandalism,5.6,23,Shamshabad,1
17.429213818780944,78.39025884010269,Vandalism,9.1,9,Jubilee Hills,0
17.275784004346104,78.40252663179618,Eve Teasing,2.1,5,Shamshabad,1
17.28296949486289,78.32156045619158,Assault,2.8,19,Unknown,0
17.41651408905116,78.57011751944529,Eve Teasing,4.8,6,Uppal,0
17.377144553266884,78.55087096323777,Cybercrime,9.9,4,Dilsukhnagar,1
17.411710273633705,78.55791090499538,Robbery,6.2,9,Uppal,0
17.44333878775982,78.35326797850779,Vehicle Theft,2.6,23,Gachibowli,1
17.399663763116717,78.42588561364964,Drug Offense,3.4,5,Mehdipatnam,1
17.432587090355128,78.38373373058698,Drug Offense,3.5,15,Raidurg,0
17.362032840748697,78.55221155405691,Assault,8.5,3,LB Nagar,1
17.35621621810311,78.42730426908345,Cybercrime,3.0,21,Unknown,1
17.429576764631513,78.42882545152595,Pickpocketing,6.8,7,Ameerpet,0
17.339633043130444,78.54290968121181,Robbery,3.1,16,Unknown,0
17.384086022686873,78.45097371610274,Robbery,5.2,9,Mehdipatnam,0
17.442206136093034,78.41324488015857,Vehicle Theft,3.2,2,Jubilee Hills,1
17.342693407241978,78.50436522896905,Theft,3.4,20,Unknown,1
17.263812017352674,78.41433597327651,Vandalism,4.6,11,Shamshabad,0
17.514512620741726,78.36425570312126,Pickpocketing,7.8,9,Unknown,0
17.379148727831897,78.42087916930478,Pickpocketing,2.4,18,Tolichowki,0
17.390117498268946,78.4463932513899,Cybercrime,7.2,7,Mehdipatnam,0
17.26868041164677,78.41504188364785,Vehicle Theft,4.8,11,Shamshabad,0
17.42666564283526,78.44965005945392,Chain Snatching,6.1,20,Banjara Hills,1
17.42085940647442,78.32498058892097,Eve Teasing,6.5,0,Financial District,1
17.49345846012394,78.41858371301056,Vandalism,9.1,11,Kukatpally,0
17.448823880628325,78.39812997229922,Pickpocketing,9.9,0,Hitech City,1
17.394453543043355,78.39856379963963,Theft,5.3,3,Tolichowki,1
17.376625307302287,78.41266901811764,Assault,2.5,3,Tolichowki,1
17.474084713790873,78.40877928623432,Assault,4.2,6,Kukatpally,0
17.346919435159936,78.5495205769697,Vehicle Theft,5.5,3,LB Nagar,1
17.327132066092066,78.3316021073592,Chain Snatching,5.7,11,Unknown,0
17.369382343538444,78.49388719660121,Assault,7.2,10,Charminar,0
17.40261589452061,78.56269388225304,Assault,9.8,18,Uppal,0
17.511122138877404,78.35869618708675,Cybercrime,7.7,7,Miyapur,0
17.480195960830663,78.41372042390884,Drug Offense,3.2,18,Kukatpally,0
17.439996732474995,78.38273927975291,Chain Snatching,6.2,4,Raidurg,1
17.425671264845693,78.3444273861147,Cybercrime,7.3,21,Nanakramguda,1
17.407926786498926,78.54357004896525,Assault,4.5,10,Uppal,0
17.360290791675105,78.4701708868593,Drug Offense,4.0,21,Charminar,1
17.413490449064955,78.42322875394402,Chain Snatching,9.9,11,Tolichowki,0
17.35316731223002,78.46837528375455,Vehicle Theft,9.5,7,Charminar,0
17.407434732318997,78.33169350374473,Vandalism,3.1,2,Financial District,1
17.419667262257942,78.49381932626866,Pickpocketing,8.1,22,Secunderabad,1
17.443577780042926,78.39186991938256,Cybercrime,9.0,12,Hitech City,0
17.510746662065515,78.53042337629307,Robbery,10.0,2,Unknown,1
17.542651124321587,78.48585783499561,Vandalism,3.6,22,Unknown,1
17.479450820523944,78.39667806947975,Robbery,5.6,0,Kukatpally,1
17.506812625934693,78.3646259318777,Robbery,6.3,12,Unknown,0
17.430850367239024,78.39099196343476,Theft,6.4,4,Hitech City,1
17.500120022580553,78.42235936759816,Theft,4.1,4,Kukatpally,1
17.365925616003764,78.51434054938761,Vehicle Theft,5.7,7,Dilsukhnagar,0
17.366735589621683,78.4811219007343,Theft,4.3,21,Charminar,1
17.40669203170109,78.43881322829665,Robbery,7.6,0,Mehdipatnam,1
